Time_s,Current_A,TrueDisplacement_mm,PredictedDisplacement_mm,DisplacementError_mm,TrueCoilForce_N,PredictedCoilForce_N,CoilForceError_N,IsTrainingSample,IsTestingSample
0,0,-3.70201816545187e-09,0.01840459,-0.01840459,-8.5788e-05,0.0003137081,-0.0003994961,1,0
0.0008,0,-0.0029289505951851,-0.03928269,0.03635374,-0.00010433,-0.001107069,0.001002739,1,0
0.0016,0,-0.0109917735366608,0.02395116,-0.03494293,-9.6061e-05,0.0006420458,-0.0007381068,1,0
0.0024,0.02,-0.0229750367005682,-0.0308689,0.007893866,0.0096045,0.01011168,-0.0005071812,1,0
0.0032,0.06,-0.0371869851717304,-0.03839578,0.001208792,0.029143,0.02844703,0.000695968,1,0
0.004,0.1,-0.0487068214300592,-0.02815093,-0.02055589,0.048891,0.0488667,2.429962e-05,1,0
0.0048,0.14,-0.0536837399154341,-0.05659904,0.002915296,0.068847,0.06958868,-0.0007416761,1,0
0.0056,0.18,-0.0502836522319132,-0.05128755,0.001003894,0.08899,0.08854344,0.0004465626,1,0
0.0064,0.2,-0.0359939213038425,0.003151044,-0.03914496,0.099071,0.09785658,0.001214419,1,0
0.0072,0.2,-0.008691858042811,0.00234948,-0.01104134,0.098914,0.09933541,-0.0004214097,1,0
0.008,0.2,0.0318043616489821,0.02204095,0.009763413,0.098668,0.0991227,-0.0004547031,1,0
0.0088,0.2,0.085124115021331,0.07004462,0.01507949,0.098321,0.09853729,-0.0002162886,1,0
0.0096,0.2,0.150936903079519,0.1422106,0.008726316,0.097861,0.09793226,-7.125676e-05,1,0
0.0104,0.2,0.228871032792095,0.22847,0.0004010799,0.097273,0.09729469,-2.168823e-05,1,0
0.0112,0.2,0.318530343334166,0.3273369,-0.008806534,0.096545,0.09665497,-0.0001099739,1,0
0.012,0.2,0.419498413479784,0.4375297,-0.01803124,0.095664,0.09600247,-0.0003384744,1,0
0.0128,0.2,0.531338422148755,0.5578033,-0.02646485,0.094614,0.09530836,-0.000694356,1,0
0.0136,0.2,0.653591111751963,0.6869751,-0.03338401,0.095452,0.09453661,0.00091539,1,0
0.0144,0.2,0.791157702800054,0.8240083,-0.03285064,0.095471,0.09364927,0.001821732,1,0
0.0152,0.2,0.938120844999742,0.9634842,-0.02536332,0.092943,0.09237965,0.0005633481,1,0
0.016,0.2,1.09101289602246,1.102229,-0.01121586,0.090124,0.0905721,-0.0004481038,1,0
0.0168,0.2,1.25134196441802,1.267959,-0.01661703,0.088935,0.08829024,0.0006447631,1,0
0.0176,0.2,1.42298408775259,1.448179,-0.02519504,0.086645,0.08560755,0.001037449,1,0
0.0184,0.2,1.60116989567403,1.636072,-0.03490238,0.081991,0.08255144,-0.0005604421,1,0
0.0192,0.2,1.78323642855899,1.830882,-0.04764529,0.0793855,0.07910659,0.0002789084,1,0
0.02,0.2,1.97267341474166,2.027155,-0.05448198,0.077594,0.07514102,0.00245298,1,0
0.0208,0.2,2.16620221968277,2.213877,-0.04767522,0.071141,0.07038718,0.0007538154,1,0
0.0216,0.2,2.36180582152203,2.407565,-0.04575906,0.0647035,0.0653263,-0.0006228032,1,0
0.0224,0.2,2.56071709251891,2.608111,-0.04739405,0.062324,0.0600294,0.002294601,1,0
0.0232,0.2,2.76060782632094,2.810063,-0.04945482,0.055724,0.0545622,0.001161804,1,0
0.024,0.2,2.96059988990021,2.994078,-0.03347779,0.049442,0.04909922,0.0003427782,1,0
0.0248,0.2,3.15976920510699,3.199823,-0.0400537,0.045984,0.04415251,0.001831491,1,0
0.0256,0.2,3.35697302994293,3.392903,-0.03593006,0.040051,0.0394758,0.0005751977,1,0
0.0264,0.2,3.55242330051089,3.603784,-0.05136054,0.035543,0.03527369,0.000269314,1,0
0.0272,0.2,3.74385339221945,3.798873,-0.05501932,0.033195,0.03153651,0.001658492,1,0
0.028,0.2,3.931392097935,3.991392,-0.0599998,0.028813,0.02825823,0.0005547732,1,0
0.0288,0.2,4.11604047168862,4.169057,-0.0530169,0.026154,0.02572358,0.0004304197,1,0
0.0296,0.2,4.29491049756546,4.353096,-0.05818599,0.025428,0.02350835,0.001919652,1,0
0.0304,0.2,4.46894276193588,4.527825,-0.05888259,0.022196,0.02151674,0.0006792615,1,0
0.0312,0.2,4.63955859024707,4.691092,-0.0515339,0.019314,0.01975684,-0.0004428368,1,0
0.032,0.2,4.80539207102034,4.854579,-0.04918738,0.0181655,0.01826045,-9.494731e-05,1,0
0.0328,0.2,4.96356623916917,5.010188,-0.04662139,0.017972,0.01692096,0.001051042,1,0
0.0336,0.2,5.11615103914749,5.152325,-0.03617411,0.015601,0.01591664,-0.0003156418,1,0
0.0344,0.2,5.26489093129492,5.304441,-0.03955052,0.01349,0.01527413,-0.001784128,1,0
0.0352,0.2,5.40836839584084,5.449729,-0.04136057,0.0148615,0.01465015,0.0002113507,1,0
0.036,0.2,5.54420425219573,5.588657,-0.04445265,0.016523,0.01402546,0.002497539,1,0
0.0368,0.2,5.67479079818676,5.721856,-0.04706532,0.014622,0.01338745,0.001234549,1,0
0.0376,0.2,5.80178298063214,5.850103,-0.0483204,0.012837,0.01272914,0.0001078628,1,0
0.0384,0.2,5.92386573030301,5.974257,-0.05039126,0.0124785,0.01204755,0.0004309475,1,0
0.0392,0.2,6.03819443171129,6.095182,-0.05698751,0.012329,0.01134231,0.000986686,1,0
0.04,0.2,6.14710647473307,6.213689,-0.06658285,0.011041,0.01061446,0.0004265443,1,0
0.0408,0.2,6.25236513804472,6.330494,-0.07812927,0.0098609,0.009865793,-4.893399e-06,1,0
0.0416,0.2,6.35021510906195,6.43833,-0.08811507,0.0087974,0.009175272,-0.0003778717,1,0
0.0424,0.2,6.44242753609086,6.518394,-0.07596646,0.0078035,0.008733333,-0.0009298331,1,0
0.0432,0.2,6.52895869020917,6.588479,-0.05951988,0.008238,0.00844805,-0.0002100504,1,0
0.044,0.2,6.61050135925233,6.654887,-0.04438584,0.0098497,0.008209241,0.001640459,1,0
0.0448,0.2,6.68703186908559,6.7197,-0.03266847,0.0091,0.007982145,0.001117855,1,0
0.0456,0.2,6.76021335737718,6.782824,-0.02261021,0.0083834,0.007769636,0.0006137636,1,0
0.0464,0.2,6.82668688614433,6.844062,-0.01737544,0.0077322,0.007574209,0.0001579905,1,0
0.0472,0.2,6.88813194379194,6.90314,-0.01500765,0.0071295,0.00739804,-0.0002685405,1,0
0.048,0.2,6.94456250128479,6.959719,-0.01515668,0.0065755,0.007243009,-0.0006675088,1,0
0.0488,0.2,6.99600139709196,7.013437,-0.01743587,0.0060705,0.007110726,-0.001040226,1,0
0.0496,0.2,7.04248024159878,7.063928,-0.02144789,0.0056151,0.007002541,-0.001387441,1,0
0.0504,0.2,7.08566908010813,7.110851,-0.02518173,0.0063604,0.006919482,-0.0005590823,1,0
0.0512,0.2,7.12292081093374,7.153911,-0.03098983,0.0079402,0.006862217,0.001077983,1,0
0.052,0.2,7.15592092817124,7.192873,-0.03695255,0.0076197,0.006830973,0.0007887269,1,0
0.0528,0.2,7.18610741352156,7.227579,-0.04147123,0.0073356,0.006825488,0.0005101124,1,0
0.0536,0.2,7.2107384839463,7.249826,-0.03908747,0.0071101,0.006773602,0.0003364983,1,0
0.0544,0.2,7.2312836795978,7.261876,-0.03059243,0.006926,0.006656616,0.0002693835,1,0
0.0552,0.2,7.24781148316841,7.26957,-0.02175887,0.0067805,0.006559399,0.0002211006,1,0
0.056,0.2,7.26169308042337,7.273543,-0.0118498,0.0066599,0.006491271,0.0001686287,1,0
0.0568,0.2,7.27209109178447,7.273876,-0.001784622,0.0065706,0.006450742,0.000119858,1,0
0.0576,0.2,7.27877723635318,7.270666,0.008111114,0.0065136,0.006436305,7.729534e-05,1,0
0.0584,0.2,7.28173017012647,7.267421,0.01430892,0.0064885,0.006460381,2.811879e-05,1,0
0.0592,0.2,7.2810005758773,7.264906,0.01609465,0.0064948,0.006524497,-2.969718e-05,1,0
0.06,0.2,7.27666581351621,7.259163,0.01750291,0.0065318,0.006611244,-7.944429e-05,1,0
0.0608,0.2,7.26881460097607,7.250471,0.01834349,0.006599,0.006720617,-0.0001216169,1,0
0.0616,0.2,7.25754178494859,7.23914,0.01840223,0.0066963,0.00685287,-0.0001565703,1,0
0.0624,0.2,7.24294652362864,7.225482,0.01746501,0.0068237,0.007008334,-0.0001846342,1,0
0.0632,0.2,7.2251316463505,7.209776,0.01535572,0.0069814,0.007187215,-0.0002058151,1,0
0.064,0.2,7.20420344252929,7.192241,0.01196273,0.0071702,0.007389429,-0.0002192295,1,0
0.0648,0.2,7.18027162912974,7.163467,0.01680422,0.0073908,0.007712142,-0.0003213421,1,0
0.0656,0.2,7.15344940993166,7.127252,0.02619779,0.0076444,0.008116028,-0.0004716283,1,0
0.0664,0.2,7.12385359160737,7.090467,0.03338614,0.0079322,0.008529087,-0.0005968866,1,0
0.0672,0.2,7.09160473511781,7.053051,0.03855326,0.0082557,0.008949439,-0.000693739,1,0
0.068,0.2,7.05682732128392,7.014848,0.04197909,0.0086163,0.009375599,-0.0007592992,1,0
0.0688,0.2,7.0196499054102,6.975641,0.04400865,0.0090153,0.009806423,-0.0007911234,1,0
0.0696,0.2,6.98020523096372,6.935182,0.04502361,0.0094535,0.010241,-0.0007875047,1,0
0.0704,0.2,6.93863026829414,6.893205,0.04542558,0.0099311,0.01067869,-0.000747589,1,0
0.0712,0.2,6.89506614252242,6.849438,0.04562843,0.010448,0.01111904,-0.0006710388,1,0
0.072,0.2,6.84965791629144,6.803606,0.04605236,0.011002,0.01156186,-0.0005598557,1,0
0.0728,0.2,6.80255419925213,6.755433,0.04712112,0.011591,0.01200718,-0.0004161834,1,0
0.0736,0.2,6.75390656775022,6.704648,0.04925855,0.012212,0.01245532,-0.0002433218,1,0
0.0744,0.2,6.70386879499297,6.650986,0.0528826,0.012859,0.01290684,-4.783821e-05,1,0
0.0752,0.2,6.65259591228151,6.595873,0.05672256,0.013527,0.01333884,0.0001881632,1,0
0.076,0.2,6.60024314227106,6.543823,0.0564199,0.01421,0.01342577,0.0007842298,1,0
0.0768,0.2,6.54696476121741,6.487713,0.05925142,0.014901,0.01351653,0.001384471,1,0
0.0776,0.2,6.49291295473796,6.427446,0.06546707,0.015594,0.01361346,0.001980538,1,0
0.0784,0.2,6.43823672874343,6.362905,0.0753317,0.015312,0.01371781,0.001594189,1,0
0.0792,0.2,6.38180913501756,6.294762,0.087047,0.011088,0.01383272,-0.00274472,1,0
0.08,0.2,6.32410745518627,6.231753,0.09235458,0.011788,0.01398019,-0.00219219,1,0
0.0808,0.2,6.26563221284843,6.180584,0.08504778,0.012532,0.01431143,-0.001779433,1,0
0.0816,0.2,6.20584157173783,6.131603,0.07423833,0.013327,0.01475272,-0.001425724,1,0
0.0824,0.2,6.14530106343568,6.079021,0.06628057,0.014164,0.01521671,-0.001052714,1,0
0.0832,0.2,6.08419228841933,6.02303,0.06116201,0.015039,0.01570603,-0.0006670325,1,0
0.084,0.2,6.0226983541892,5.958873,0.06382556,0.015944,0.0159702,-2.62003e-05,1,0
0.0848,0.2,5.96100229792105,5.891431,0.06957144,0.016872,0.01624242,0.0006295778,1,0
0.0856,0.2,5.89928537110983,5.821458,0.07782751,0.017813,0.01654463,0.001268369,1,0
0.0864,0.2,5.83772530892178,5.751702,0.086023,0.0177,0.01688822,0.0008117802,1,0
0.0872,0.2,5.7756233595037,5.683261,0.09236244,0.015052,0.01727657,-0.002224566,1,0
0.088,0.2,5.71316241769433,5.61616,0.0970025,0.015959,0.01780456,-0.001845563,1,0
0.0888,0.2,5.65054395378672,5.5557,0.09484413,0.016888,0.01847033,-0.001582326,1,0
0.0896,0.2,5.58785360781027,5.498249,0.08960503,0.017836,0.01915234,-0.001316338,1,0
0.0904,0.2,5.5253499738496,5.440108,0.08524168,0.018796,0.01985822,-0.001062219,1,0
0.0912,0.2,5.46320984706712,5.378544,0.08466599,0.019762,0.02057348,-0.0008114763,1,0
0.092,0.2,5.40160588397708,5.307922,0.09368352,0.020728,0.02125571,-0.0005277055,1,0
0.0928,0.2,5.34070554843933,5.249614,0.09109131,0.021688,0.02169242,-4.42315e-06,1,0
0.0936,0.2,5.28067017460737,5.21049,0.07017995,0.022637,0.02194026,0.0006967352,1,0
0.0944,0.2,5.22165418969177,5.164855,0.05679918,0.023568,0.02218159,0.001386405,1,0
0.0952,0.2,5.16380450876188,5.111555,0.05224989,0.0229665,0.02246132,0.0005051807,1,0
0.096,0.2,5.10629938370036,5.050975,0.05532406,0.020243,0.02282664,-0.00258364,1,0
0.0968,0.2,5.04930595910615,4.9946,0.05470614,0.021177,0.02335641,-0.002179406,1,0
0.0976,0.2,4.99272837084113,4.929585,0.06314386,0.022131,0.02412738,-0.001996385,1,0
0.0984,0.2,4.93720210447337,4.865015,0.07218707,0.023088,0.02485861,-0.001770613,1,0
0.0992,0.2,4.88267916953122,4.801341,0.08133859,0.024046,0.0255482,-0.001502205,1,0
0.1,0.2,4.82931459314365,4.738973,0.09034145,0.024999,0.02619512,-0.00119612,1,0
0.1008,0.2,4.77725738737011,4.678277,0.09898037,0.025938,0.02679905,-0.0008610474,1,0
0.1016,0.2,4.72664956959686,4.619562,0.1070879,0.026859,0.02736028,-0.0005012791,1,0
0.1024,0.2,4.6776253460308,4.570808,0.1068169,0.027756,0.02781826,-6.225512e-05,1,0
0.1032,0.2,4.63031046881751,4.534666,0.09564441,0.028624,0.02815463,0.0004693698,1,0
0.104,0.2,4.58482176086247,4.500179,0.08464247,0.029461,0.02845883,0.00100217,1,0
0.1048,0.2,4.54126678997942,4.467447,0.07381999,0.030263,0.02873236,0.001530643,1,0
0.1056,0.2,4.49974366676023,4.436533,0.06321022,0.030152,0.02897676,0.001175243,1,0
0.1064,0.2,4.45936713636438,4.407474,0.0518931,0.026561,0.02919356,-0.00263256,1,0
0.1072,0.2,4.42025804629284,4.368283,0.05197525,0.027349,0.02956184,-0.002212842,1,0
0.108,0.2,4.38204661435952,4.316344,0.06570236,0.028134,0.03007448,-0.001940481,1,0
0.1088,0.2,4.34578018087032,4.272125,0.07365493,0.028895,0.03072441,-0.001829412,1,0
0.1096,0.2,4.31111376231118,4.240219,0.07089464,0.029636,0.03140843,-0.001772429,1,0
0.1104,0.2,4.27814426528441,4.210681,0.06746282,0.030353,0.03204263,-0.00168963,1,0
0.1112,0.2,4.24696105476473,4.183465,0.06349558,0.031041,0.03262772,-0.00158672,1,0
0.112,0.2,4.21764539219244,4.15852,0.05912517,0.031698,0.03316442,-0.001466423,1,0
0.1128,0.2,4.19026993204998,4.135792,0.05447815,0.032319,0.03365347,-0.001334472,1,0
0.1136,0.2,4.16489829058061,4.115227,0.04967107,0.032901,0.03409562,-0.001194619,1,0
0.1144,0.2,4.14158469594225,4.096772,0.04481298,0.03344,0.03449161,-0.001051606,1,0
0.1152,0.2,4.12037372487684,4.080373,0.04000044,0.033935,0.03484218,-0.0009071782,1,0
0.116,0.2,4.10130012727567,4.065978,0.03532255,0.034384,0.03514809,-0.0007640879,1,0
0.1168,0.2,4.08438873704884,4.053534,0.03085471,0.034783,0.03541008,-0.0006270764,1,0
0.1176,0.2,4.06965446553092,4.04299,0.02666426,0.035133,0.0356289,-0.0004958962,1,0
0.1184,0.2,4.05710237223305,4.034296,0.02280634,0.035432,0.03580531,-0.000373311,1,0
0.1192,0.2,4.04672780696996,4.027402,0.01932588,0.03568,0.03594007,-0.000260066,1,0
0.12,0.2,4.03851661710519,4.024586,0.01393042,0.035877,0.03604338,-0.0001663832,1,0
0.1208,0.2,4.03244541372353,4.02363,0.008815749,0.036023,0.03610724,-8.423838e-05,1,0
0.1216,0.2,4.02848189083053,4.024289,0.004193237,0.036118,0.03613163,-1.362786e-05,1,0
0.1224,0.2,4.0265851920894,4.026502,8.353651e-05,0.036163,0.03611733,4.567353e-05,1,0
0.1232,0.2,4.0267063200613,4.03021,-0.003503221,0.03616,0.03606512,9.487603e-05,1,0
0.124,0.2,4.02878858335855,4.035356,-0.006566985,0.03611,0.03597587,0.000134134,1,0
0.1248,0.2,4.03276807751425,4.040029,-0.007260971,0.036015,0.03586939,0.0001456065,1,0
0.1256,0.2,4.03857419569103,4.043387,-0.004813218,0.035875,0.03571733,0.0001576729,1,0
0.1264,0.2,4.0461301655798,4.048491,-0.002361312,0.035694,0.0355261,0.0001678995,1,0
0.1272,0.2,4.05535360896607,4.055475,-0.000121626,0.035474,0.03529858,0.0001754178,1,0
0.128,0.2,4.06615712046445,4.064278,0.001878995,0.035216,0.03503601,0.0001799949,1,0
0.1288,0.2,4.07797381931457,4.074841,0.003132797,0.034935,0.03473966,0.0001953418,1,0
0.1296,0.2,4.09108619655797,4.087102,0.003983784,0.034624,0.03441089,0.0002131061,1,0
0.1304,0.2,4.1055265887537,4.101002,0.004524849,0.034284,0.03405113,0.0002328723,1,0
0.1312,0.2,4.12124038672463,4.116477,0.004763851,0.033915,0.03366184,0.0002531614,1,0
0.132,0.2,4.13814170319925,4.133465,0.00467689,0.03352,0.03324457,0.0002754311,1,0
0.1328,0.2,4.1561326209184,4.151903,0.004229945,0.033102,0.03280092,0.0003010797,1,0
0.1336,0.2,4.17511011306804,4.171726,0.003384363,0.032665,0.03233255,0.000332453,1,0
0.1344,0.2,4.19496878893748,4.192868,0.002100556,0.032211,0.03184117,0.0003698337,1,0
0.1352,0.2,4.21560221939357,4.215513,8.946686e-05,0.031743,0.031332,0.0004109952,1,0
0.136,0.2,4.23690376965187,4.241104,-0.004200357,0.031265,0.0308528,0.0004121979,1,0
0.1368,0.2,4.25876724893742,4.265965,-0.007197736,0.030779,0.03037473,0.00040427,1,0
0.1376,0.2,4.28108747802188,4.291566,-0.01047842,0.030287,0.02988353,0.0004034737,1,0
0.1384,0.2,4.30376080556099,4.317833,-0.01407214,0.029794,0.02938079,0.0004132054,1,0
0.1392,0.2,4.32668558104456,4.345084,-0.01839861,0.029301,0.02888018,0.0004208173,1,0
0.14,0.2,4.34976258502093,4.373871,-0.02410874,0.02881,0.02839348,0.0004165209,1,0
0.1408,0.2,4.37289541556031,4.403929,-0.03103334,0.028324,0.02791431,0.0004096883,1,0
0.1416,0.2,4.3959908300839,4.43406,-0.03806879,0.027845,0.02742503,0.0004199698,1,0
0.1424,0.2,4.41895904245099,4.464632,-0.04567251,0.027374,0.0269428,0.0004311955,1,0
0.1432,0.2,4.44171397610153,4.493977,-0.05226262,0.026913,0.02644907,0.0004639325,1,0
0.144,0.2,4.46417347491063,4.520154,-0.055981,0.026464,0.0259601,0.0005038992,1,0
0.1448,0.2,4.48625947414045,4.540922,-0.05466269,0.026028,0.02551402,0.0005139822,1,0
0.1456,0.2,4.5078981344376,4.561298,-0.05340024,0.025605,0.02506277,0.000542234,1,0
0.1464,0.2,4.52901994220807,4.581216,-0.05219639,0.025196,0.02460809,0.0005879076,1,0
0.1472,0.2,4.54955977990995,4.600574,-0.05101424,0.024803,0.02415007,0.0006529339,1,0
0.148,0.2,4.56945696985401,4.618016,-0.04855927,0.024427,0.02368292,0.0007440835,1,0
0.1488,0.2,4.58865529501307,4.630758,-0.04210299,0.024066,0.02333127,0.0007347323,1,0
0.1496,0.2,4.60710300014,4.645525,-0.03842245,0.023723,0.02298509,0.0007379104,1,0
0.1504,0.2,4.62475277620841,4.660237,-0.03548454,0.023397,0.0226737,0.0007233018,1,0
0.1512,0.2,4.64156173084497,4.674229,-0.03266694,0.023089,0.0223695,0.0007194979,1,0
0.152,0.2,4.65749134704366,4.68758,-0.03008828,0.022798,0.02207416,0.0007238426,1,0
0.1528,0.2,4.67250743206254,4.700233,-0.02772507,0.022527,0.02178894,0.0007380564,1,0
0.1536,0.2,4.68658005802263,4.712891,-0.02631057,0.022273,0.02154721,0.0007257942,1,0
0.1544,0.2,4.69968349537232,4.72264,-0.02295654,0.022038,0.02142834,0.0006096552,1,0
0.1552,0.2,4.71179614006392,4.731537,-0.0197412,0.021822,0.0212975,0.0005244967,1,0
0.156,0.2,4.72290043501927,4.739895,-0.01699443,0.021624,0.02117308,0.0004509196,1,0
0.1568,0.2,4.73298278624475,4.74772,-0.01473698,0.021445,0.02106217,0.0003828326,1,0
0.1576,0.2,4.74203347379348,4.754951,-0.01291705,0.021285,0.02096179,0.0003232124,1,0
0.1584,0.2,4.7500465576625,4.76133,-0.01128309,0.021144,0.02087079,0.0002732101,1,0
0.1592,0.2,4.75701977864831,4.767132,-0.0101125,0.021021,0.0208174,0.0002036028,1,0
0.16,0.2,4.76295445416102,4.77242,-0.009465476,0.020916,0.02077245,0.0001435485,1,0
0.1608,0.2,4.76785536900386,4.777092,-0.009236611,0.02083,0.02073399,9.60065e-05,1,0
0.1616,0.2,4.77173066115659,4.781124,-0.009393454,0.020762,0.02070225,5.975156e-05,1,0
0.1624,0.2,4.77459170264623,4.784193,-0.009600859,0.020712,0.02067659,3.540577e-05,1,0
0.1632,0.2,4.7764529756442,4.785718,-0.009264989,0.02068,0.02065567,2.432887e-05,1,0
0.164,0.2,4.77733194398594,4.786014,-0.00868166,0.020664,0.02064094,2.306053e-05,1,0
0.1648,0.2,4.7772489203661,4.785513,-0.008264481,0.020666,0.02064549,2.050636e-05,1,0
0.1656,0.2,4.77622692951492,4.784104,-0.007876941,0.020684,0.02066382,2.018165e-05,1,0
0.1664,0.2,4.77429156770818,4.781714,-0.007422872,0.020718,0.02071563,2.368455e-06,1,0
0.1672,0.2,4.77147085900199,4.77833,-0.00685899,0.020767,0.02077558,-8.577053e-06,1,0
0.168,0.2,4.76779510861559,4.774402,-0.006606556,0.020832,0.0208441,-1.210377e-05,1,0
0.1688,0.2,4.76329675390759,4.769639,-0.006342738,0.020911,0.02092106,-1.005895e-05,1,0
0.1696,0.2,4.75801021340499,4.764475,-0.006464656,0.021004,0.02102088,-1.688183e-05,1,0
0.1704,0.2,4.75197173434915,4.758448,-0.006475913,0.02111,0.02112576,-1.576366e-05,1,0
0.1712,0.2,4.74521923921787,4.749468,-0.004248611,0.021229,0.02128937,-6.037281e-05,1,0
0.172,0.2,4.73779217166893,4.738887,-0.001095138,0.02136,0.02147758,-0.0001175801,1,0
0.1728,0.2,4.72973134232693,4.726906,0.00282552,0.021503,0.02168276,-0.0001797616,1,0
0.1736,0.2,4.72107877480382,4.714212,0.006866834,0.021657,0.02189188,-0.0002348752,1,0
0.1744,0.2,4.71187755230424,4.701232,0.0106456,0.021821,0.02210802,-0.0002870203,1,0
0.1752,0.2,4.70217166512189,4.688191,0.01398073,0.021994,0.02233175,-0.00033775,1,0
0.176,0.2,4.69200585928452,4.674787,0.01721929,0.022176,0.02255701,-0.000381009,1,0
0.1768,0.2,4.68142548655467,4.665481,0.0159444,0.022366,0.02274789,-0.000381891,1,0
0.1776,0.2,4.67047635594517,4.654445,0.01603166,0.022564,0.0229555,-0.0003915014,1,0
0.1784,0.2,4.65920458686329,4.641342,0.0178629,0.022768,0.02318034,-0.0004123432,1,0
0.1792,0.2,4.64765646396032,4.628242,0.01941492,0.022978,0.02340189,-0.0004238937,1,0
0.18,0.2,4.63587829373433,4.615205,0.02067348,0.023193,0.02361932,-0.0004263221,1,0
0.1808,0.2,4.62391626291719,4.60229,0.02162659,0.023413,0.02383188,-0.0004188779,1,0
0.1816,0.2,4.61181629867169,4.58955,0.02226676,0.023636,0.02403888,-0.0004028848,1,0
0.1824,0.2,4.59962393063252,4.577034,0.02258946,0.023862,0.02423974,-0.0003777394,1,0
0.1832,0.2,4.58738415484662,4.562482,0.0249018,0.02409,0.02445643,-0.0003664265,1,0
0.184,0.2,4.57514129970044,4.546053,0.02908789,0.02432,0.02470508,-0.0003850803,1,0
0.1848,0.2,4.5629388939663,4.531574,0.03136512,0.02455,0.02495983,-0.0004098287,1,0
0.1856,0.2,4.5508195371518,4.519716,0.03110327,0.02478,0.02522422,-0.0004442219,1,0
0.1864,0.2,4.53882477239519,4.508242,0.03058264,0.025009,0.02547894,-0.0004699423,1,0
0.1872,0.2,4.52699496221198,4.496431,0.03056409,0.025236,0.02573727,-0.0005012688,1,0
0.188,0.2,4.51536916746139,4.482895,0.03247427,0.02546,0.02602478,-0.0005647775,1,0
0.1888,0.2,4.50398502996253,4.469907,0.03407822,0.025681,0.02629961,-0.0006186107,1,0
0.1896,0.2,4.49287865924689,4.457492,0.03538631,0.025898,0.0265613,-0.0006632956,1,0
0.1904,0.2,4.48208452398343,4.445673,0.03641106,0.02611,0.02680943,-0.0006994316,1,0
0.1912,0.2,4.47163534865223,4.434469,0.0371666,0.026317,0.02704368,-0.0007266779,1,0
0.192,0.2,4.46156201607181,4.423892,0.03766952,0.026517,0.02726375,-0.0007467531,1,0
0.1928,0.2,4.45189347640121,4.414071,0.03782239,0.02671,0.0274699,-0.0007598976,1,0
0.1936,0.2,4.44265666324027,4.405297,0.03735986,0.026895,0.02766309,-0.0007680875,1,0
0.1944,0.2,4.43387641744029,4.397201,0.03667583,0.027072,0.02784168,-0.0007696797,1,0
0.1952,0.2,4.42557541921145,4.389783,0.03579204,0.02724,0.02800559,-0.000765585,1,0
0.196,0.2,4.41777412907511,4.383045,0.03472893,0.027399,0.02815477,-0.000755768,1,0
0.1968,0.2,4.41049073815731,4.376983,0.03350805,0.027548,0.02828923,-0.0007412306,1,0
0.1976,0.2,4.40374112825813,4.37159,0.03215099,0.027686,0.02840902,-0.0007230191,1,0
0.1984,0.2,4.39753884205968,4.366861,0.0306775,0.027813,0.02851421,-0.0007012082,1,0
0.1992,0.2,4.39189506375632,4.362787,0.02910782,0.02793,0.02860492,-0.0006749191,1,0
0.2,0.2,4.38681861030582,4.359357,0.02746125,0.028035,0.02868131,-0.0006463061,1,0
0.2008,0.2,4.38231593341136,4.35656,0.0257557,0.028128,0.02874356,-0.0006155577,1,0
0.2016,0.2,4.37839113225344,4.354383,0.02400766,0.02821,0.02879189,-0.0005818895,1,0
0.2024,0.2,4.37504597690014,4.352812,0.02223416,0.02828,0.02882656,-0.0005465552,1,0
0.2032,0.2,4.37227994223416,4.35183,0.02044994,0.028337,0.02884784,-0.000510836,1,0
0.204,0.2,4.37009025214883,4.351422,0.01866794,0.028383,0.02885604,-0.0004730409,1,0
0.2048,0.2,4.36847193368235,4.351571,0.01690085,0.028417,0.02885151,-0.0004345072,1,0
0.2056,0.2,4.36741788068157,4.352258,0.01515967,0.028439,0.0288346,-0.0003956037,1,0
0.2064,0.2,4.36691892651541,4.353465,0.01345432,0.028449,0.02880572,-0.000356716,1,0
0.2072,0.2,4.36696392529222,4.35517,0.01179367,0.028448,0.02876526,-0.000317263,1,0
0.208,0.2,4.36753984097736,4.357355,0.01018472,0.028436,0.02871369,-0.0002776864,1,0
0.2088,0.2,4.36863184375648,4.359998,0.008634094,0.028414,0.02865144,-0.0002374405,1,0
0.2096,0.2,4.37022341294678,4.363077,0.007146726,0.02838,0.02857902,-0.0001990153,1,0
0.2104,0.2,4.37229644572331,4.36657,0.005726926,0.028337,0.02849691,-0.0001599118,1,0
0.2112,0.2,4.37483137089988,4.370454,0.004377536,0.028284,0.02840565,-0.0001216496,1,0
0.212,0.2,4.37780726698502,4.374706,0.003101476,0.028222,0.02830577,-8.377269e-05,1,0
0.2128,0.2,4.38120198372171,4.379685,0.001516582,0.028151,0.02820315,-5.215026e-05,1,0
0.2136,0.2,4.38499226631628,4.385356,-0.0003636831,0.028073,0.02809817,-2.517158e-05,1,0
0.2144,0.2,4.38915388156554,4.391331,-0.002177314,0.027986,0.02798641,-4.128679e-07,1,0
0.2152,0.2,4.39366174510282,4.397583,-0.00392174,0.027893,0.02786842,2.457639e-05,1,0
0.216,0.2,4.39849004900213,4.404084,-0.005594157,0.027794,0.02774476,4.923554e-05,1,0
0.2168,0.2,4.40361238900442,4.410805,-0.007192359,0.027688,0.02761601,7.199461e-05,1,0
0.2176,0.2,4.40900189066157,4.417717,-0.008715089,0.027578,0.02748273,9.527432e-05,1,0
0.2184,0.2,4.41463133373044,4.424792,-0.01016048,0.027463,0.02734551,0.0001174935,1,0
0.2192,0.2,4.42047327419088,4.432001,-0.01152736,0.027344,0.02720493,0.0001390655,1,0
0.22,0.2,4.42650016330801,4.439315,-0.01281516,0.027221,0.0270616,0.000159396,1,0
0.2208,0.2,4.43268446320818,4.446707,-0.01402279,0.027096,0.0269161,0.0001799022,1,0
0.2216,0.2,4.43899875848989,4.454148,-0.01514906,0.026968,0.02676901,0.0001989878,1,0
0.2224,0.2,4.44541586344494,4.461609,-0.0161935,0.026839,0.02662093,0.0002180718,1,0
0.2232,0.2,4.45190892451941,4.469064,-0.01715531,0.026709,0.02647243,0.000236573,1,0
0.224,0.2,4.45845151769883,4.476485,-0.01803374,0.026578,0.02632408,0.000253916,1,0
0.2248,0.2,4.46501774055556,4.483846,-0.01882797,0.026448,0.02617646,0.0002715362,1,0
0.2256,0.2,4.47158229874881,4.49112,-0.01953756,0.026317,0.02603012,0.0002868824,1,0
0.2264,0.2,4.47812058681796,4.498282,-0.02016185,0.026188,0.02588559,0.0003024124,1,0
0.2272,0.2,4.4846087631573,4.505309,-0.02070034,0.02606,0.0257434,0.0003166012,1,0
0.228,0.2,4.49102381910438,4.512175,-0.02115126,0.025934,0.02560406,0.0003299419,1,0
0.2288,0.2,4.49734364211529,4.518859,-0.02151527,0.025811,0.02546805,0.0003429467,1,0
0.2296,0.2,4.50354707303692,4.525339,-0.02179158,0.02569,0.02533585,0.000354148,1,0
0.2304,0.2,4.50961395751924,4.531593,-0.02197889,0.025572,0.0252079,0.0003640986,1,0
0.2312,0.2,4.51552519164011,4.537603,-0.02207819,0.025457,0.02508462,0.0003723834,1,0
0.232,0.2,4.52126276184026,4.543351,-0.02208794,0.025346,0.02496639,0.0003796055,1,0
0.2328,0.2,4.52680977928733,4.548819,-0.02200929,0.025239,0.0248536,0.0003854035,1,0
0.2336,0.2,4.53215050880642,4.553993,-0.02184224,0.025137,0.02474656,0.0003904386,1,0
0.2344,0.2,4.53727039252893,4.558858,-0.02158752,0.025038,0.02464559,0.000392407,1,0
0.2352,0.2,4.54215606842326,4.563402,-0.02124563,0.024945,0.02455097,0.000394035,1,0
0.236,0.2,4.54679538388032,4.567613,-0.02081774,0.024856,0.02446292,0.000393084,1,0
0.2368,0.2,4.55117740453332,4.571483,-0.02030573,0.024773,0.02438165,0.0003913457,1,0
0.2376,0.2,4.55529241849628,4.574185,-0.01889248,0.024695,0.02432244,0.0003725573,1,0
0.2384,0.2,4.55913193620873,4.57654,-0.01740758,0.024622,0.02427017,0.0003518306,1,0
0.2392,0.2,4.56268868607588,4.578597,-0.01590791,0.024555,0.02422395,0.0003310503,1,0
0.24,0.2,4.56595660609441,4.580355,-0.01439808,0.024493,0.02418382,0.0003091772,1,0
0.2408,0.2,4.56893083165331,4.581814,-0.01288298,0.024437,0.0241498,0.0002871965,1,0
0.2416,0.2,4.57160767969903,4.582975,-0.01136771,0.024386,0.02412187,0.0002641251,1,0
0.2424,0.2,4.57398462945233,4.583842,-0.009857171,0.024342,0.0241,0.0002420018,1,0
0.2432,0.2,4.57606029986301,4.584417,-0.008356567,0.024303,0.0240841,0.0002188976,1,0
0.244,0.2,4.57783442398658,4.584705,-0.006870452,0.024269,0.02407409,0.0001949075,1,0
0.2448,0.2,4.57930782046519,4.584713,-0.005405162,0.024242,0.02406985,0.0001721487,1,0
0.2456,0.2,4.58048236229286,4.584448,-0.003965498,0.024219,0.02407124,0.0001477592,1,0
0.2464,0.2,4.58136094304337,4.583918,-0.002557151,0.024203,0.02407809,0.0001249065,1,0
0.2472,0.2,4.5819474407367,4.583132,-0.001184826,0.024192,0.02409023,0.0001017714,1,0
0.248,0.2,4.58224667951824,4.582101,0.0001458113,0.024186,0.02410744,7.855683e-05,1,0
0.2488,0.2,4.58226438932274,4.580835,0.001429524,0.024186,0.02412952,5.64789e-05,1,0
0.2496,0.2,4.58200716369304,4.579346,0.002660984,0.024191,0.02415623,3.477416e-05,1,0
0.2504,0.2,4.58148241592158,4.577646,0.003836161,0.024201,0.02418731,1.368661e-05,1,0
0.2512,0.2,4.58069833368063,4.575749,0.004948936,0.024215,0.02422252,-7.522974e-06,1,0
0.252,0.2,4.5796638323052,4.573668,0.005995829,0.024235,0.02426159,-2.658823e-05,1,0
0.2528,0.2,4.57838850689054,4.571416,0.006972129,0.024259,0.02430423,-4.52279e-05,1,0
0.2536,0.2,4.57688258336381,4.569008,0.007874233,0.024287,0.02435016,-6.316073e-05,1,0
0.2544,0.2,4.57515686868789,4.566459,0.00869769,0.02432,0.0243991,-7.909615e-05,1,0
0.2552,0.2,4.57322270035244,4.563783,0.009440009,0.024356,0.02445075,-9.474543e-05,1,0
0.256,0.2,4.57109189530612,4.560995,0.01009727,0.024396,0.02450481,-0.0001088124,1,0
0.2568,0.2,4.56877669848081,4.558108,0.01066837,0.02444,0.024561,-0.0001210028,1,0
0.2576,0.2,4.5662897310573,4.55514,0.01114971,0.024487,0.02461903,-0.0001320261,1,0
0.2584,0.2,4.56364393861932,4.552104,0.01154042,0.024537,0.02467859,-0.0001415879,1,0
0.2592,0.2,4.56085253934122,4.549013,0.0118394,0.024589,0.02473941,-0.000150407,1,0
0.26,0.2,4.55792897235178,4.545883,0.01204579,0.024645,0.0248012,-0.0001561984,1,0
0.2608,0.2,4.55488684641582,4.542728,0.0121589,0.024703,0.02486369,-0.0001606864,1,0
0.2616,0.2,4.55173988907196,4.538926,0.01281424,0.024762,0.0249383,-0.0001762965,1,0
0.2624,0.2,4.54850189636383,4.535084,0.01341813,0.024824,0.02501382,-0.0001898193,1,0
0.2632,0.2,4.54518668329985,4.531245,0.01394145,0.024887,0.02508945,-0.0002024464,1,0
0.264,0.2,4.54180803517416,4.527426,0.01438227,0.024952,0.02516488,-0.0002128799,1,0
0.2648,0.2,4.53837965987985,4.523639,0.01474046,0.025017,0.02523983,-0.000222829,1,0
0.2656,0.2,4.53491514134281,4.519899,0.01501577,0.025084,0.02531402,-0.0002300237,1,0
0.2664,0.2,4.53142789420247,4.51622,0.0152078,0.025151,0.0253872,-0.0002361977,1,0
0.2672,0.2,4.52793111986244,4.512614,0.01531735,0.025218,0.02545911,-0.0002411052,1,0
0.268,0.2,4.52443776403205,4.509092,0.01534591,0.025285,0.02552951,-0.0002445075,1,0
0.2688,0.2,4.52097456263393,4.505666,0.01530878,0.025352,0.02559819,-0.000246187,1,0
0.2696,0.2,4.51755154274209,4.502346,0.01520598,0.025418,0.02566493,-0.000246933,1,0
0.2704,0.2,4.51418000004232,4.499141,0.01503878,0.025483,0.02572955,-0.0002465538,1,0
0.2712,0.2,4.5108707596721,4.496061,0.01480991,0.025547,0.02579187,-0.0002448704,1,0
0.272,0.2,4.50763414857304,4.493113,0.01452158,0.02561,0.02585172,-0.0002417228,1,0
0.2728,0.2,4.50447997016611,4.490304,0.01417598,0.025672,0.02590896,-0.0002369563,1,0
0.2736,0.2,4.50141748140754,4.487641,0.01377662,0.025731,0.02596344,-0.0002324443,1,0
0.2744,0.2,4.49845537227423,4.485129,0.01332649,0.025789,0.02601506,-0.00022606,1,0
0.2752,0.2,4.49560174771955,4.482774,0.01282797,0.025845,0.0260637,-0.000218703,1,0
0.276,0.2,4.49286411213055,4.480578,0.01228569,0.025898,0.02610928,-0.0002112801,1,0
0.2768,0.2,4.49024935630809,4.478547,0.01170226,0.02595,0.02615171,-0.0002017149,1,0
0.2776,0.2,4.48776374698172,4.476682,0.01108204,0.025998,0.02619095,-0.0001929459,1,0
0.2784,0.2,4.48541291886035,4.474985,0.0104278,0.026045,0.02622692,-0.0001819247,1,0
0.2792,0.2,4.48320186920991,4.473457,0.009744532,0.026088,0.02625961,-0.0001716104,1,0
0.28,0.2,4.48113495493817,4.4721,0.009035174,0.026129,0.02628899,-0.0001599862,1,0
0.2808,0.2,4.47921589215627,4.470912,0.008303436,0.026167,0.02631504,-0.0001480372,1,0
0.2816,0.2,4.47744775817676,4.469894,0.007553826,0.026202,0.02633777,-0.000135767,1,0
0.2824,0.2,4.47583299589613,4.469044,0.006789264,0.026234,0.02635719,-0.0001231907,1,0
0.2832,0.2,4.47437342050138,4.468359,0.00601395,0.026262,0.02637333,-0.0001113286,1,0
0.284,0.2,4.47307022842893,4.467839,0.005230987,0.026288,0.02638622,-9.822001e-05,1,0
0.2848,0.2,4.47192400849579,4.467479,0.004444779,0.026311,0.02639591,-8.490949e-05,1,0
0.2856,0.2,4.47093475511331,4.467277,0.003657705,0.02633,0.02640246,-7.245669e-05,1,0
0.2864,0.2,4.4701018834862,4.467228,0.002873471,0.026347,0.02640592,-5.892493e-05,1,0
0.2872,0.2,4.46942424669104,4.467329,0.002095221,0.02636,0.02640639,-4.639059e-05,1,0
0.288,0.2,4.46890015452228,4.467574,0.001326512,0.026371,0.02640394,-3.293563e-05,1,0
0.2888,0.2,4.46852739398694,4.467958,0.0005694205,0.026378,0.02639865,-2.065316e-05,1,0
0.2896,0.2,4.468303251324,4.468476,-0.0001730441,0.026383,0.02639064,-7.641927e-06,1,0
0.2904,0.2,4.46822453541975,4.469123,-0.0008983513,0.026384,0.02638001,3.988188e-06,1,0
0.2912,0.2,4.46828760248664,4.469891,-0.001603469,0.026383,0.02636687,1.612915e-05,1,0
0.292,0.2,4.46848838186998,4.470776,-0.002287222,0.026379,0.02635134,2.765989e-05,1,0
0.2928,0.2,4.46882240284534,4.471769,-0.002946453,0.026372,0.02633354,3.845746e-05,1,0
0.2936,0.2,4.46928482226733,4.472865,-0.003579806,0.026363,0.02631361,4.939149e-05,1,0
0.2944,0.2,4.46987045293093,4.474056,-0.004185314,0.026351,0.02629167,5.9326e-05,1,0
0.2952,0.2,4.47057379250649,4.475336,-0.004761805,0.026338,0.02626787,7.012874e-05,1,0
0.296,0.2,4.47138905291082,4.476696,-0.005306961,0.026321,0.02624235,7.865443e-05,1,0
0.2968,0.2,4.47231018997876,4.47813,-0.00582015,0.026303,0.02621524,8.776336e-05,1,0
0.2976,0.2,4.47333093330238,4.479631,-0.006300014,0.026283,0.02618669,9.63084e-05,1,0
0.2984,0.2,4.4744448161082,4.481191,-0.006745866,0.026261,0.02615686,0.0001041443,1,0
0.2992,0.2,4.47564520504687,4.482801,-0.007156232,0.026237,0.02612588,0.00011112,1,0
0.3,0.2,4.47692532977424,4.484456,-0.007530733,0.026212,0.02609391,0.0001180905,0,1
0.3008,0.2,4.47827831220773,4.486147,-0.007869092,0.026185,0.02606109,0.0001239066,0,1
0.3016,0.2,4.47969719534764,4.487868,-0.008170636,0.026157,0.02602758,0.0001294193,0,1
0.3024,0.2,4.48117497155858,4.48961,-0.008434746,0.026128,0.02599352,0.0001344833,0,1
0.3032,0.2,4.48270461021251,4.491366,-0.008661776,0.026098,0.02595905,0.0001389534,0,1
0.304,0.2,4.48427908460159,4.493131,-0.008851599,0.026067,0.02592431,0.000142688,0,1
0.3048,0.2,4.48589139803526,4.494895,-0.00900406,0.026035,0.02588945,0.0001455456,0,1
0.3056,0.2,4.48753460904325,4.496655,-0.009119902,0.026003,0.02585461,0.0001483882,0,1
0.3064,0.2,4.48920185561265,4.498401,-0.009198832,0.02597,0.02581991,0.0001500856,0,1
0.3072,0.2,4.49088637839464,4.500128,-0.009241414,0.025937,0.02578549,0.0001515054,0,1
0.308,0.2,4.49258154282305,4.50183,-0.009248082,0.025904,0.02575148,0.000152521,0,1
0.3088,0.2,4.49428086009393,4.503501,-0.009220079,0.025871,0.02571798,0.0001530151,0,1
0.3096,0.2,4.4959780069622,4.505136,-0.009158006,0.025837,0.02568513,0.0001518703,0,1
0.3104,0.2,4.49766684431813,4.506729,-0.009061805,0.025804,0.02565303,0.0001509749,0,1
0.3112,0.2,4.49934143451264,4.508275,-0.008933597,0.025772,0.02562177,0.0001502282,0,1
0.312,0.2,4.50099605740728,4.50977,-0.00877386,0.025739,0.02559147,0.0001475297,0,1
0.3128,0.2,4.50262522513041,4.511209,-0.008583786,0.025708,0.02556221,0.0001457863,0,1
0.3136,0.2,4.50422369552705,4.512588,-0.008363851,0.025677,0.02553409,0.0001429141,0,1
0.3144,0.2,4.50578648429586,4.513903,-0.008116657,0.025646,0.02550717,0.000138833,0,1
0.3152,0.2,4.50730887581164,4.515152,-0.007842625,0.025617,0.02548153,0.0001354723,0,1
0.316,0.2,4.50878643263706,4.51633,-0.007543333,0.025588,0.02545724,0.0001307612,0,1
0.3168,0.2,4.51021500373226,4.517436,-0.007220547,0.02556,0.02543435,0.0001256475,0,1
0.3176,0.2,4.51159073137514,4.518466,-0.006875264,0.025533,0.02541292,0.0001200773,0,1
0.3184,0.2,4.51291005680996,4.519419,-0.006509136,0.025508,0.02539299,0.0001150076,0,1
0.3192,0.2,4.51416972464525,4.520294,-0.006124465,0.025483,0.0253746,0.0001083993,0,1
0.32,0.2,4.51536678602613,4.521089,-0.005722291,0.02546,0.02535778,0.0001022246,0,1
0.3208,0.2,4.51649860060955,4.521803,-0.005304302,0.025438,0.02534254,9.545918e-05,0,1
0.3216,0.2,4.51756283737371,4.522436,-0.004872828,0.025418,0.02532891,8.908816e-05,0,1
0.3224,0.2,4.51855747429647,4.522986,-0.004428938,0.025398,0.0253169,8.110222e-05,0,1
0.3232,0.2,4.51948079693945,4.523456,-0.0039753,0.025381,0.0253065,7.44995e-05,0,1
0.324,0.2,4.52033139597748,4.523844,-0.003512846,0.025364,0.02529772,6.628188e-05,0,1
0.3248,0.2,4.52110816371499,4.524152,-0.003043638,0.025349,0.02529054,5.846237e-05,0,1
0.3256,0.2,4.52181028963281,4.52438,-0.002569917,0.025336,0.02528494,5.10559e-05,0,1
0.3264,0.2,4.52243725501052,4.52453,-0.002092679,0.025324,0.02528091,4.308852e-05,0,1
0.3272,0.2,4.52298882667114,4.524604,-0.001615017,0.025313,0.02527842,3.45826e-05,0,1
0.328,0.2,4.52346504989625,4.524602,-0.001137363,0.025304,0.02527742,2.65754e-05,0,1
0.3288,0.2,4.52386624056029,4.524529,-0.0006627397,0.025296,0.02527789,1.810601e-05,0,1
0.3296,0.2,4.52419297653438,4.524385,-0.0001919989,0.02529,0.02527978,1.021542e-05,0,1
0.3304,0.2,4.52444608841013,4.524173,0.0002728287,0.025285,0.02528305,1.952071e-06,0,1
0.3312,0.2,4.52462664959486,4.523896,0.0007304322,0.025281,0.02528763,-6.631899e-06,0,1
0.332,0.2,4.52473596582986,4.523557,0.00117878,0.025279,0.02529348,-1.44806e-05,0,1
0.3328,0.2,4.52477556418359,4.52316,0.00161606,0.025278,0.02530054,-2.253631e-05,0,1
0.3336,0.2,4.524747181572,4.522706,0.00204115,0.025279,0.02530873,-2.973381e-05,0,1
0.3344,0.2,4.52465275285767,4.5222,0.002453122,0.025281,0.02531801,-3.701164e-05,0,1
0.3352,0.2,4.52449439858001,4.521645,0.002849806,0.025284,0.0253283,-4.429903e-05,0,1
0.336,0.2,4.52427441236763,4.521044,0.003230158,0.025288,0.02533953,-5.152892e-05,0,1
0.3368,0.2,4.52399524808419,4.520402,0.003592817,0.025294,0.02535163,-5.763239e-05,0,1
0.3376,0.2,4.52365950675821,4.519722,0.003937522,0.0253,0.02536453,-6.453307e-05,0,1
0.3384,0.2,4.52326992334677,4.519008,0.004262241,0.025308,0.02537816,-7.015832e-05,0,1
0.3392,0.2,4.52282935338199,4.518263,0.00456649,0.025316,0.02539244,-7.643735e-05,0,1
0.34,0.2,4.52234075954875,4.517491,0.004849419,0.025325,0.02540729,-8.229195e-05,0,1
0.3408,0.2,4.52180719824061,4.516696,0.005110745,0.025336,0.02542265,-8.66476e-05,0,1
0.3416,0.2,4.52123180614023,4.515883,0.005348837,0.025347,0.02543843,-9.143165e-05,0,1
0.3424,0.2,4.52061778686916,4.515054,0.005564038,0.025359,0.02545457,-9.557147e-05,0,1
0.3432,0.2,4.51996839775055,4.514213,0.00575579,0.025371,0.02547099,-9.999255e-05,0,1
0.344,0.2,4.51928693672706,4.513364,0.005923098,0.025384,0.02548762,-0.0001036222,0,1
0.3448,0.2,4.51857672947496,4.51251,0.006066907,0.025398,0.02550439,-0.0001063916,0,1
0.3456,0.2,4.51784111675328,4.511655,0.006185786,0.025412,0.02552123,-0.0001092299,0,1
0.3464,0.2,4.51708344202599,4.510803,0.006280696,0.025427,0.02553807,-0.0001110701,0,1
0.3472,0.2,4.51630703939282,4.509955,0.006351633,0.025442,0.02555485,-0.0001128507,0,1
0.348,0.2,4.51551522186304,4.509117,0.006398572,0.025457,0.02557151,-0.0001145065,0,1
0.3488,0.2,4.51471127000429,4.50829,0.006421456,0.025473,0.02558797,-0.0001149723,0,1
0.3496,0.2,4.51389842099682,4.507477,0.006421138,0.025489,0.0256042,-0.0001151978,0,1
0.3504,0.2,4.51307985812156,4.506681,0.006398416,0.025505,0.02562012,-0.0001151215,0,1
0.3512,0.2,4.51225870070825,4.505906,0.006352596,0.02552,0.0256357,-0.0001156951,0,1
0.352,0.2,4.51143799456777,4.505152,0.006285769,0.025536,0.02565087,-0.0001148663,0,1
0.3528,0.2,4.51062070293088,4.504423,0.006197562,0.025552,0.02566559,-0.0001135887,0,1
0.3536,0.2,4.50980969791317,4.503721,0.006088938,0.025568,0.02567982,-0.0001118212,0,1
0.3544,0.2,4.50900775252378,4.503047,0.00596124,0.025584,0.02569352,-0.000109519,0,1
0.3552,0.2,4.50821753323357,4.502402,0.005815228,0.025599,0.02570665,-0.0001076507,0,1
0.356,0.2,4.50744159311558,4.501791,0.00565107,0.025614,0.02571918,-0.000105177,0,1
0.3568,0.2,4.50668236556891,4.501212,0.005470722,0.025629,0.02573107,-0.0001020681,0,1
0.3576,0.2,4.50594215863449,4.500668,0.005274587,0.025643,0.0257423,-9.930172e-05,0,1
0.3584,0.2,4.50522314990908,4.500159,0.005064363,0.025657,0.02575285,-9.584802e-05,0,1
0.3592,0.2,4.50452738206155,4.499687,0.004840664,0.025671,0.02576269,-9.169023e-05,0,1
0.36,0.2,4.50385675895319,4.499252,0.004604917,0.025684,0.02577181,-8.780974e-05,0,1
0.3608,0.2,4.50321304236171,4.498855,0.004357928,0.025696,0.02578019,-8.418979e-05,0,1
0.3616,0.2,4.50259784930615,4.498496,0.004101794,0.025708,0.02578782,-7.982476e-05,0,1
0.3624,0.2,4.50201264996809,4.498176,0.003836552,0.02572,0.0257947,-7.470352e-05,0,1
0.3632,0.2,4.50145876620212,4.497895,0.003564002,0.02573,0.02580082,-7.082044e-05,0,1
0.364,0.2,4.50093737062689,4.497652,0.003285317,0.025741,0.02580618,-6.517741e-05,0,1
0.3648,0.2,4.5004494862856,4.497448,0.003001519,0.02575,0.02581078,-6.077628e-05,0,1
0.3656,0.2,4.49999598686334,4.497282,0.002713959,0.025759,0.02581462,-5.561519e-05,0,1
0.3664,0.2,4.49957759744675,4.497154,0.002423838,0.025767,0.02581771,-5.070718e-05,0,1
0.3672,0.2,4.49919489580947,4.497062,0.00213269,0.025775,0.02582006,-4.505784e-05,0,1
0.368,0.2,4.49884831420579,4.497007,0.001840944,0.025781,0.02582168,-4.06802e-05,0,1
0.3688,0.2,4.49853814165277,4.496988,0.001549845,0.025787,0.02582259,-3.55929e-05,0,1
0.3696,0.2,4.49826452668023,4.497004,0.001260971,0.025793,0.02582281,-2.98071e-05,0,1
0.3704,0.2,4.49802748052628,4.497052,0.0009752878,0.025797,0.02582234,-2.53433e-05,0,1
0.3712,0.2,4.49782688075521,4.497134,0.0006931489,0.025801,0.02582123,-2.022572e-05,0,1
0.372,0.2,4.49766247527325,4.497246,0.0004162099,0.025805,0.02581947,-1.447111e-05,0,1
0.3728,0.2,4.49753388671695,4.497388,0.0001455238,0.025807,0.02581711,-1.011113e-05,0,1
0.3736,0.2,4.49744061718801,4.497559,-0.0001184534,0.025809,0.02581417,-5.166292e-06,0,1
0.3744,0.2,4.49738205330778,4.497757,-0.0003749047,0.02581,0.02581067,-6.663823e-07,0,1
0.3752,0.2,4.49735747156387,4.497981,-0.0006231231,0.025811,0.02580664,4.358794e-06,0,1
0.376,0.2,4.49736604392146,4.498228,-0.0008615524,0.02581,0.02580212,7.877571e-06,0,1
0.3768,0.2,4.49740684367064,4.498497,-0.001090166,0.02581,0.02579714,1.286201e-05,0,1
0.3776,0.2,4.49747885148188,4.498787,-0.001308552,0.025808,0.02579172,1.627858e-05,0,1
0.3784,0.2,4.49758096164119,4.499096,-0.001515432,0.025806,0.0257859,2.009562e-05,0,1
0.3792,0.2,4.49771198843646,4.499423,-0.001710562,0.025804,0.02577972,2.427588e-05,0,1
0.38,0.2,4.49787067266716,4.499764,-0.00189377,0.0258,0.02577321,2.678769e-05,0,1
0.3808,0.2,4.49805568824919,4.50012,-0.002064475,0.025797,0.0257664,3.059938e-05,0,1
0.3816,0.2,4.49826564888778,4.500487,-0.002221679,0.025793,0.02575933,3.367184e-05,0,1
0.3824,0.2,4.49849911479121,4.500865,-0.002366345,0.025788,0.02575203,3.597155e-05,0,1
0.3832,0.2,4.49875459939918,4.501252,-0.002497098,0.025783,0.02574453,3.846683e-05,0,1
0.384,0.2,4.49903057610001,4.501645,-0.002614035,0.025778,0.02573688,4.112044e-05,0,1
0.3848,0.2,4.49932548491179,4.502042,-0.002716809,0.025772,0.0257291,4.290071e-05,0,1
0.3856,0.2,4.49963773910357,4.502444,-0.002806528,0.025766,0.02572123,4.477411e-05,0,1
0.3864,0.2,4.4999657317332,4.502847,-0.002881463,0.02576,0.0257133,4.670339e-05,0,1
0.3872,0.2,4.50030784207994,4.503251,-0.002942757,0.025753,0.02570534,4.766248e-05,0,1
0.388,0.2,4.50066244195051,4.503653,-0.002990131,0.025746,0.02569738,4.861783e-05,0,1
0.3888,0.2,4.50102790183879,4.504052,-0.003023783,0.025739,0.02568946,4.953594e-05,0,1
0.3896,0.2,4.50140259692017,4.504447,-0.00304391,0.025732,0.02568161,5.039071e-05,0,1
0.3904,0.2,4.50178491286304,4.504836,-0.003050693,0.025724,0.02567385,5.015422e-05,0,1
0.3912,0.2,4.50217325144072,4.505218,-0.003044301,0.025717,0.02566621,5.079479e-05,0,1
0.392,0.2,4.50256603592906,4.505591,-0.003025357,0.025709,0.02565871,5.029007e-05,0,1
0.3928,0.2,4.50296171627537,4.505955,-0.002993503,0.025701,0.02565139,4.961399e-05,0,1
0.3936,0.2,4.50335877402621,4.506309,-0.002949781,0.025693,0.02564426,4.874233e-05,0,1
0.3944,0.2,4.50375572700269,4.50665,-0.002894244,0.025686,0.02563735,4.865461e-05,0,1
0.3952,0.2,4.5041511337133,4.506979,-0.002827855,0.025678,0.02563067,4.732847e-05,0,1
0.396,0.2,4.50454359749516,4.507294,-0.00275058,0.02567,0.02562425,4.574714e-05,0,1
0.3968,0.2,4.50493177037664,4.507595,-0.002662815,0.025663,0.02561811,4.489201e-05,0,1
0.3976,0.2,4.50531435665468,4.50788,-0.002565854,0.025655,0.02561225,4.274631e-05,0,1
0.3984,0.2,4.50569011618209,4.50815,-0.002459508,0.025648,0.0256067,4.129512e-05,0,1
0.3992,0.2,4.506057867361,4.508403,-0.002344957,0.025641,0.02560147,3.952543e-05,0,1
0.4,0.2,4.50641648983976,4.508639,-0.002222369,0.025634,0.02559657,3.742792e-05,0,1
