Epoch,Iteration,TrainingLoss,ValidationLoss,TrainingRMSE,ValidationRMSE,BaseLearnRate
1,1,1.018379807472229,0.03267701342701912,1.0091480016708374,0.18076784908771515,0.001
2,2,1.014251470565796,0.030788488686084747,1.0071005821228027,0.17546649277210236,0.001
3,3,1.0103503465652466,0.02898869849741459,1.0051618814468384,0.17026068270206451,0.001
4,4,1.0067319869995117,0.027260979637503624,1.003360390663147,0.16510899364948273,0.001
5,5,1.0033271312713623,0.02561725489795208,1.0016621351242065,0.16005390882492065,0.001
6,6,0.9998536705970764,0.024063579738140106,0.9999268054962158,0.15512439608573914,0.001
7,7,0.9962812066078186,0.022607507184147835,0.9981388449668884,0.1503579318523407,0.001
8,8,0.9925589561462402,0.021256044507026672,0.9962725043296814,0.14579452574253082,0.001
9,9,0.9886975884437561,0.019999952986836433,0.9943327307701111,0.14142118394374847,0.001
10,10,0.9846146106719971,0.018914183601737022,0.9922775030136108,0.13752885162830353,0.001
11,11,0.9802142977714539,0.018071211874485016,0.9900577068328857,0.1344292014837265,0.001
12,12,0.9753811955451965,0.01736135594546795,0.9876139163970947,0.13176250457763672,0.001
13,13,0.9698824882507324,0.016628343611955643,0.9848261475563049,0.12895093858242035,0.001
14,14,0.9636948704719543,0.01593223214149475,0.9816796183586121,0.12622295320034027,0.001
15,15,0.9565244913101196,0.015264250338077545,0.9780207276344299,0.12354857474565506,0.001
16,16,0.9481365084648132,0.014493347145617008,0.9737229943275452,0.12038832157850266,0.001
17,17,0.9382578134536743,0.013690796680748463,0.9686371088027954,0.11700768023729324,0.001
18,18,0.9264796376228333,0.012912081554532051,0.9625381231307983,0.11363133788108826,0.001
19,19,0.9121484160423279,0.01217712089419365,0.955064594745636,0.11034999042749405,0.001
20,20,0.8944131731987,0.011503119952976704,0.9457342028617859,0.10725259780883789,0.001
21,21,0.8721189498901367,0.010888978838920593,0.9338731169700623,0.1043502688407898,0.001
22,22,0.8444394469261169,0.010335774160921574,0.9189338684082031,0.10166501253843307,0.001
23,23,0.8104072213172913,0.009980143047869205,0.9002262353897095,0.09990066289901733,0.001
24,24,0.7681323885917664,0.009822477586567402,0.8764316439628601,0.09910841286182404,0.001
25,25,0.7225799560546875,0.0094493068754673,0.8500470519065857,0.09720754623413086,0.001
26,26,0.7097693681716919,0.008338232524693012,0.8424780964851379,0.0913139209151268,0.001
27,27,0.7183701992034912,0.008319570682942867,0.8475672006607056,0.09121168404817581,0.001
28,28,0.6655552387237549,0.00947047770023346,0.8158156871795654,0.09731637686491013,0.001
29,29,0.6045424342155457,0.011323351413011551,0.7775232791900635,0.10641123354434967,0.001
30,30,0.5786213278770447,0.013424208387732506,0.7606716156005859,0.1158628836274147,0.001
31,31,0.5635998845100403,0.015365567058324814,0.7507328987121582,0.12395792454481125,0.001
32,32,0.5399255156517029,0.01725841872394085,0.7347962260246277,0.13137130439281464,0.001
33,33,0.5054097175598145,0.019346248358488083,0.7109217643737793,0.13909079134464264,0.001
34,34,0.47138479351997375,0.021788572892546654,0.6865746974945068,0.14760953187942505,0.001
35,35,0.46526917815208435,0.02451251819729805,0.6821064352989197,0.15656474232673645,0.001
36,36,0.45941978693008423,0.02738095261156559,0.6778051257133484,0.1654719114303589,0.001
37,37,0.42555248737335205,0.03013581410050392,0.6523438692092896,0.17359669506549835,0.001
38,38,0.39737504720687866,0.03255564346909523,0.630376935005188,0.18043182790279388,0.001
39,39,0.3923643231391907,0.034971289336681366,0.6263899207115173,0.1870061159133911,0.001
40,40,0.384149968624115,0.037393610924482346,0.6197983026504517,0.19337427616119385,0.001
41,41,0.3678423762321472,0.039879605174064636,0.6065000891685486,0.1996987909078598,0.001
42,42,0.3584408760070801,0.04249522089958191,0.5986993312835693,0.20614369213581085,0.001
43,43,0.3621143698692322,0.0448981411755085,0.6017593741416931,0.21189181506633759,0.001
44,44,0.3562524616718292,0.046835485845804214,0.5968688726425171,0.21641507744789124,0.001
45,45,0.3470674455165863,0.04862447828054428,0.589124321937561,0.2205095887184143,0.001
46,46,0.34933677315711975,0.05040668696165085,0.5910471677780151,0.22451433539390564,0.001
47,47,0.350576251745224,0.052174162119627,0.5920947790145874,0.22841663658618927,0.001
48,48,0.3462057411670685,0.053932834416627884,0.5883924961090088,0.2322344332933426,0.001
49,49,0.34570690989494324,0.05567948520183563,0.5879684686660767,0.23596501350402832,0.001
50,50,0.34761902689933777,0.05738747864961624,0.5895922780036926,0.23955683410167694,0.001
51,51,0.3429500162601471,0.05901643633842468,0.585619330406189,0.242932990193367,0.001
52,52,0.34041234850883484,0.06060284003615379,0.5834486484527588,0.24617643654346466,0.001
53,53,0.3400329351425171,0.06210872903466225,0.5831234455108643,0.249216228723526,0.001
54,54,0.3363361358642578,0.06351790577173233,0.5799449682235718,0.25202760100364685,0.001
55,55,0.33181434869766235,0.06482836604118347,0.5760332942008972,0.2546141445636749,0.001
56,56,0.3304639458656311,0.06600421667098999,0.5748599171638489,0.25691285729408264,0.001
57,57,0.3276498019695282,0.06705434620380402,0.5724070072174072,0.25894853472709656,0.001
58,58,0.3233731687068939,0.06796861439943314,0.5686591267585754,0.26070791482925415,0.001
59,59,0.3216034471988678,0.06873562932014465,0.5671009421348572,0.2621748149394989,0.001
60,60,0.31986933946609497,0.06934287399053574,0.5655699372291565,0.263330340385437,0.001
61,61,0.3167254328727722,0.06977104395627975,0.5627836585044861,0.26414209604263306,0.001
62,62,0.3145309090614319,0.07005137950181961,0.5608305335044861,0.2646722197532654,0.001
63,63,0.31362974643707275,0.07019543647766113,0.5600265860557556,0.2649442255496979,0.001
64,64,0.3113555908203125,0.07020944356918335,0.5579924583435059,0.26497066020965576,0.001
65,65,0.30922043323516846,0.07010258734226227,0.556075930595398,0.26476892828941345,0.001
66,66,0.3081609606742859,0.06988655030727386,0.5551224946975708,0.264360636472702,0.001
67,67,0.30647942423820496,0.06957551091909409,0.553605854511261,0.2637717127799988,0.001
68,68,0.3042721152305603,0.06918614357709885,0.551608681678772,0.26303258538246155,0.001
69,69,0.3028774857521057,0.06872784346342087,0.5503430366516113,0.26215994358062744,0.001
70,70,0.3013846278190613,0.06821652501821518,0.5489850640296936,0.2611829340457916,0.001
71,71,0.2991860508918762,0.06767091900110245,0.5469790101051331,0.26013633608818054,0.001
72,72,0.29756560921669006,0.06710739433765411,0.5454957485198975,0.2590509355068207,0.001
73,73,0.29608258605003357,0.06654173135757446,0.5441347360610962,0.2579568326473236,0.001
74,74,0.2941572964191437,0.06598424911499023,0.5423626899719238,0.2568739950656891,0.001
75,75,0.29256001114845276,0.06543751060962677,0.5408881902694702,0.2558075785636902,0.001
76,76,0.2913246750831604,0.06486325711011887,0.539745032787323,0.25468266010284424,0.001
77,77,0.2896811366081238,0.0643211305141449,0.5382203459739685,0.2536160945892334,0.001
78,78,0.28831198811531067,0.06381335109472275,0.5369468927383423,0.25261303782463074,0.001
79,79,0.2872152328491211,0.06335422396659851,0.5359246730804443,0.2517026364803314,0.001
80,80,0.28590714931488037,0.06295265257358551,0.5347028374671936,0.2509036660194397,0.001
81,81,0.2847200632095337,0.06263252347707748,0.5335916876792908,0.2502649128437042,0.001
82,82,0.2837979197502136,0.0624082125723362,0.5327268838882446,0.24981635808944702,0.001
83,83,0.2826920747756958,0.06226387992501259,0.5316879749298096,0.24952732026576996,0.001
84,84,0.28163954615592957,0.06216905638575554,0.530697226524353,0.24933724105358124,0.001
85,85,0.2807585299015045,0.06211134418845177,0.5298665165901184,0.24922147393226624,0.001
86,86,0.27975329756736755,0.06209946423768997,0.5289170742034912,0.24919764697551727,0.001
87,87,0.27875858545303345,0.06215108931064606,0.5279759168624878,0.24930119514465332,0.001
88,88,0.2779281735420227,0.06218412518501282,0.5271889567375183,0.24936744570732117,0.001
89,89,0.2769998610019684,0.062181081622838974,0.5263077616691589,0.24936135113239288,0.001
90,90,0.2760923504829407,0.06220855936408043,0.5254449248313904,0.24941644072532654,0.001
91,91,0.27531561255455017,0.062264349311590195,0.5247052907943726,0.24952825903892517,0.001
92,92,0.2744777798652649,0.06234640255570412,0.5239062905311584,0.2496926188468933,0.001
93,93,0.27368196845054626,0.06240454316139221,0.5231462121009827,0.24980901181697845,0.001
94,94,0.27298885583877563,0.06249606981873512,0.5224833488464355,0.24999213218688965,0.001
95,95,0.27225586771965027,0.06266272068023682,0.5217814445495605,0.2503252327442169,0.001
96,96,0.27156728506088257,0.06289935111999512,0.5211212038993835,0.25079742074012756,0.001
97,97,0.27094629406929016,0.06319332122802734,0.5205250382423401,0.25138282775878906,0.001
98,98,0.27029675245285034,0.063473179936409,0.5199007391929626,0.2519388496875763,0.001
99,99,0.26969030499458313,0.0637308657169342,0.5193171501159668,0.25244972109794617,0.001
100,100,0.26913002133369446,0.06399280577898026,0.5187774300575256,0.2529679834842682,0.001
101,101,0.2685486674308777,0.064251609146595,0.5182167887687683,0.25347900390625,0.001
102,102,0.2680188715457916,0.06450001150369644,0.5177053809165955,0.2539685368537903,0.001
103,103,0.2675146162509918,0.06472998112440109,0.5172181725502014,0.2544208765029907,0.001
104,104,0.26700690388679504,0.0649416372179985,0.516727089881897,0.2548364996910095,0.001
105,105,0.2665511965751648,0.06512758880853653,0.5162859559059143,0.2552010715007782,0.001
106,106,0.26610803604125977,0.06529036164283752,0.5158566236495972,0.2555197775363922,0.001
107,107,0.26567381620407104,0.06543410569429398,0.5154355764389038,0.25580090284347534,0.001
108,108,0.2652803361415863,0.06555236130952835,0.5150537490844727,0.25603196024894714,0.001
109,109,0.264889121055603,0.06564411520957947,0.5146738290786743,0.2562110722064972,0.001
110,110,0.26451346278190613,0.06571108847856522,0.514308750629425,0.25634175539016724,0.001
111,111,0.2641693353652954,0.06574275344610214,0.5139740705490112,0.25640350580215454,0.001
112,112,0.26382359862327576,0.06574226170778275,0.5136376023292542,0.25640255212783813,0.001
113,113,0.2634982466697693,0.06571383029222488,0.513320803642273,0.25634709000587463,0.001
114,114,0.2631940245628357,0.065673828125,0.5130243897438049,0.25626906752586365,0.001
115,115,0.26289281249046326,0.06562777608633041,0.5127307176589966,0.25617918372154236,0.001
116,116,0.2626185417175293,0.06558063626289368,0.5124632120132446,0.25608715415000916,0.001
117,117,0.2623540461063385,0.06553489714860916,0.5122050642967224,0.25599783658981323,0.001
118,118,0.26209765672683716,0.06548050045967102,0.5119547247886658,0.2558915913105011,0.001
119,119,0.261863112449646,0.06541986018419266,0.5117256045341492,0.25577306747436523,0.001
120,120,0.2616320848464966,0.06535863876342773,0.51149982213974,0.25565335154533386,0.001
121,121,0.26141366362571716,0.06530363112688065,0.5112862586975098,0.2555457651615143,0.001
122,122,0.26120805740356445,0.06525647640228271,0.5110851526260376,0.2554534673690796,0.001
123,123,0.2610052824020386,0.06521625816822052,0.5108867883682251,0.2553747296333313,0.001
124,124,0.26081469655036926,0.06518340855836868,0.5107002258300781,0.25531041622161865,0.001
125,125,0.2606297731399536,0.065158411860466,0.5105191469192505,0.25526145100593567,0.001
126,126,0.26044943928718567,0.06514059007167816,0.5103424787521362,0.2552265524864197,0.001
127,127,0.26028135418891907,0.0651312917470932,0.5101777911186218,0.2552083432674408,0.001
128,128,0.26011577248573303,0.06512976437807083,0.5100154876708984,0.25520533323287964,0.001
129,129,0.25995761156082153,0.06513862311840057,0.5098603963851929,0.25522270798683167,0.001
130,130,0.25980517268180847,0.0651601105928421,0.5097108483314514,0.2552647888660431,0.001
131,131,0.2596558928489685,0.06519235670566559,0.5095643997192383,0.2553279399871826,0.001
132,132,0.2595140337944031,0.06523200869560242,0.5094252228736877,0.25540557503700256,0.001
133,133,0.25937479734420776,0.06527743488550186,0.5092885494232178,0.25549450516700745,0.001
134,134,0.2592431902885437,0.06531506031751633,0.5091593265533447,0.25556811690330505,0.001
135,135,0.2591160535812378,0.06534387171268463,0.5090344548225403,0.2556244730949402,0.001
136,136,0.2589910328388214,0.0653650090098381,0.5089116096496582,0.2556658089160919,0.001
137,137,0.2588706910610199,0.0653805285692215,0.5087933540344238,0.255696177482605,0.001
138,138,0.25875258445739746,0.06539254635572433,0.5086773037910461,0.2557196617126465,0.001
139,139,0.25863873958587646,0.06540139019489288,0.508565366268158,0.25573694705963135,0.001
140,140,0.2585279941558838,0.0654091089963913,0.5084564685821533,0.2557520568370819,0.001
141,141,0.25841933488845825,0.0654175654053688,0.508349597454071,0.2557685673236847,0.001
142,142,0.25831401348114014,0.06542777270078659,0.5082460045814514,0.25578853487968445,0.001
143,143,0.2582108974456787,0.06543754786252975,0.5081445574760437,0.25580763816833496,0.001
144,144,0.25811174511909485,0.06544606387615204,0.5080469846725464,0.2558242976665497,0.001
145,145,0.25801488757133484,0.06545271724462509,0.5079516768455505,0.2558372914791107,0.001
146,146,0.2579204738140106,0.06545788049697876,0.5078586935997009,0.25584736466407776,0.001
147,147,0.2578285038471222,0.06546182185411453,0.5077681541442871,0.25585508346557617,0.001
148,148,0.25773799419403076,0.06546520441770554,0.5076790452003479,0.25586169958114624,0.001
149,149,0.25765007734298706,0.06546928733587265,0.5075924396514893,0.25586965680122375,0.001
150,150,0.25756391882896423,0.06547562777996063,0.5075075626373291,0.25588205456733704,0.001
151,151,0.2574813663959503,0.06549098342657089,0.5074262022972107,0.25591206550598145,0.001
152,152,0.25740134716033936,0.06551315635442734,0.5073473453521729,0.25595536828041077,0.001
153,153,0.25732311606407166,0.06553957611322403,0.5072702765464783,0.25600698590278625,0.001
154,154,0.25724753737449646,0.0655684694647789,0.507195770740509,0.25606340169906616,0.001
155,155,0.2571732699871063,0.06559793651103973,0.5071225166320801,0.2561209499835968,0.001
156,156,0.257100909948349,0.06562446057796478,0.5070511698722839,0.25617271661758423,0.001
157,157,0.25703006982803345,0.06565094739198685,0.5069813132286072,0.2562243938446045,0.001
158,158,0.25696098804473877,0.06567757576704025,0.5069131851196289,0.25627636909484863,0.001
159,159,0.2568930983543396,0.06570224463939667,0.5068462491035461,0.25632449984550476,0.001
160,160,0.25682687759399414,0.06571631133556366,0.5067809224128723,0.25635191798210144,0.001
161,161,0.2567623257637024,0.06572286784648895,0.5067172050476074,0.25636470317840576,0.001
162,162,0.25669896602630615,0.06572307646274567,0.506654679775238,0.2563651204109192,0.001
163,163,0.25663700699806213,0.06571929901838303,0.5065935254096985,0.25635775923728943,0.001
164,164,0.256576269865036,0.0657128170132637,0.5065335631370544,0.25634512305259705,0.001
165,165,0.2565167546272278,0.0657050684094429,0.5064748525619507,0.2563300132751465,0.001
166,166,0.25645849108695984,0.06570006161928177,0.5064173340797424,0.2563202381134033,0.001
167,167,0.25640153884887695,0.06569717079401016,0.5063610672950745,0.25631460547447205,0.001
168,168,0.25634580850601196,0.06569947302341461,0.5063060522079468,0.2563190758228302,0.001
169,169,0.25629106163978577,0.06570563465356827,0.5062519907951355,0.25633111596107483,0.001
170,170,0.2562376856803894,0.06571431457996368,0.5061992406845093,0.25634804368019104,0.001
171,171,0.25618529319763184,0.06572499871253967,0.5061475038528442,0.25636887550354004,0.001
172,172,0.25613388419151306,0.0657382532954216,0.5060967206954956,0.25639471411705017,0.001
173,173,0.25608333945274353,0.06575413048267365,0.5060467720031738,0.256425678730011,0.001
174,174,0.25603362917900085,0.06577244400978088,0.5059976577758789,0.25646138191223145,0.001
175,175,0.25598448514938354,0.06579245626926422,0.505949079990387,0.25650039315223694,0.001
176,176,0.25593632459640503,0.06581436097621918,0.5059015154838562,0.2565430998802185,0.001
177,177,0.25588884949684143,0.06583663821220398,0.5058545470237732,0.2565865218639374,0.001
178,178,0.25584179162979126,0.06585684418678284,0.5058080554008484,0.2566258907318115,0.001
179,179,0.255795419216156,0.06587787717580795,0.5057622194290161,0.2566668689250946,0.001
180,180,0.2557494640350342,0.06589990854263306,0.5057168006896973,0.2567097842693329,0.001
181,181,0.2557038366794586,0.06591810286045074,0.5056716799736023,0.25674521923065186,0.001
182,182,0.2556588649749756,0.0659342035651207,0.5056272149085999,0.2567765712738037,0.001
183,183,0.255614697933197,0.06594683229923248,0.5055835247039795,0.25680115818977356,0.001
184,184,0.2555709481239319,0.06595557183027267,0.5055402517318726,0.25681817531585693,0.001
185,185,0.25552868843078613,0.06596347689628601,0.505498468875885,0.256833553314209,0.001
186,186,0.25548678636550903,0.06596759706735611,0.5054569840431213,0.2568415701389313,0.001
187,187,0.255445271730423,0.06596986949443817,0.5054159164428711,0.25684601068496704,0.001
188,188,0.25540420413017273,0.06597032397985458,0.505375325679779,0.2568468749523163,0.001
189,189,0.2553637623786926,0.06597458571195602,0.50533527135849,0.25685518980026245,0.001
190,190,0.25532346963882446,0.06597758829593658,0.50529545545578,0.25686103105545044,0.001
191,191,0.2552839517593384,0.06598134338855743,0.5052562952041626,0.2568683326244354,0.001
192,192,0.2552448809146881,0.06598437577486038,0.5052176713943481,0.2568742334842682,0.001
193,193,0.2552061975002289,0.06598992645740509,0.5051793456077576,0.2568850517272949,0.001
194,194,0.2551676630973816,0.06599436700344086,0.5051412582397461,0.25689369440078735,0.001
195,195,0.2551295757293701,0.06599891185760498,0.5051035284996033,0.2569025456905365,0.001
196,196,0.25509190559387207,0.06600236892700195,0.5050662159919739,0.25690925121307373,0.001
197,197,0.25505492091178894,0.0660073384642601,0.5050296187400818,0.25691893696784973,0.001
198,198,0.2550191879272461,0.06601125746965408,0.50499427318573,0.256926566362381,0.001
199,199,0.25498464703559875,0.06601401418447495,0.5049600601196289,0.25693193078041077,0.001
200,200,0.25495052337646484,0.06601458042860031,0.5049262642860413,0.2569330334663391,0.001
201,201,0.2549166679382324,0.06601232290267944,0.5048927068710327,0.25692862272262573,0.001
202,202,0.2548830807209015,0.06601057946681976,0.504859447479248,0.2569252550601959,0.001
203,203,0.25484997034072876,0.06600841879844666,0.5048266649246216,0.25692102313041687,0.001
204,204,0.25481724739074707,0.06600683927536011,0.5047942399978638,0.25691795349121094,0.001
205,205,0.2547847628593445,0.06600599735975266,0.5047621130943298,0.2569163143634796,0.001
206,206,0.25475260615348816,0.06600811332464218,0.504730224609375,0.2569204270839691,0.001
207,207,0.25472065806388855,0.06601037830114365,0.5046985745429993,0.2569248378276825,0.001
208,208,0.2546890676021576,0.0660114660859108,0.5046672821044922,0.256926953792572,0.001
209,209,0.2546578645706177,0.06601116061210632,0.5046363472938538,0.25692635774612427,0.001
210,210,0.2546268105506897,0.0660085454583168,0.5046055912971497,0.25692129135131836,0.001
211,211,0.25459611415863037,0.06600908935070038,0.5045751929283142,0.25692233443260193,0.001
212,212,0.2545654773712158,0.06601013243198395,0.5045447945594788,0.2569243609905243,0.001
213,213,0.2545353174209595,0.06601172685623169,0.5045149326324463,0.2569274604320526,0.001
214,214,0.2545055150985718,0.06601439416408539,0.5044853687286377,0.25693267583847046,0.001
215,215,0.25447583198547363,0.0660180002450943,0.5044559836387634,0.25693967938423157,0.001
216,216,0.25444644689559937,0.06602221727371216,0.5044268369674683,0.2569478750228882,0.001
217,217,0.25441721081733704,0.06602685898542404,0.5043978691101074,0.25695693492889404,0.001
218,218,0.25438830256462097,0.06603038311004639,0.5043691992759705,0.2569637894630432,0.001
219,219,0.2543596625328064,0.06603246182203293,0.5043408274650574,0.25696781277656555,0.001
220,220,0.2543312609195709,0.06603508442640305,0.5043126344680786,0.25697293877601624,0.001
221,221,0.2543031871318817,0.06603731960058212,0.5042847990989685,0.25697726011276245,0.001
222,222,0.2542756497859955,0.06603947281837463,0.5042575001716614,0.2569814622402191,0.001
223,223,0.2542482614517212,0.06604189425706863,0.5042303800582886,0.25698617100715637,0.001
224,224,0.25422099232673645,0.06604472547769547,0.5042033195495605,0.2569916844367981,0.001
225,225,0.25419384241104126,0.06604667752981186,0.5041763782501221,0.25699546933174133,0.001
226,226,0.2541669011116028,0.06605158001184464,0.5041496753692627,0.2570050060749054,0.001
227,227,0.25414028763771057,0.06605952978134155,0.5041232705116272,0.2570204734802246,0.001
228,228,0.2541140913963318,0.06606883555650711,0.5040972828865051,0.25703859329223633,0.001
229,229,0.25408825278282166,0.06607889384031296,0.5040716528892517,0.25705814361572266,0.001
230,230,0.2540624737739563,0.0660882517695427,0.5040460824966431,0.25707635283470154,0.001
231,231,0.25403687357902527,0.06609698385000229,0.5040206909179688,0.2570933401584625,0.001
232,232,0.2540115416049957,0.06610022485256195,0.5039955973625183,0.25709962844848633,0.001
233,233,0.2539865970611572,0.06609921902418137,0.5039708018302917,0.25709769129753113,0.001
234,234,0.25396212935447693,0.06610055267810822,0.5039465427398682,0.25710028409957886,0.001
235,235,0.2539374828338623,0.06610052287578583,0.5039221048355103,0.2571002244949341,0.001
236,236,0.25391340255737305,0.06609751284122467,0.5038982033729553,0.2570943534374237,0.001
237,237,0.253889262676239,0.06609165668487549,0.5038742423057556,0.2570829689502716,0.001
238,238,0.25386515259742737,0.06608814746141434,0.5038503408432007,0.2570761442184448,0.001
239,239,0.2538415193557739,0.06608893722295761,0.5038268566131592,0.257077693939209,0.001
240,240,0.2538180351257324,0.06609199196100235,0.503803551197052,0.25708362460136414,0.001
241,241,0.2537946105003357,0.06609213352203369,0.5037803053855896,0.2570838928222656,0.001
242,242,0.2537614107131958,0.06609049439430237,0.5037473440170288,0.25708070397377014,0.001
243,243,0.2537246346473694,0.06609093397855759,0.5037108659744263,0.2570815682411194,0.001
244,244,0.25368812680244446,0.0660926103591919,0.5036746263504028,0.25708481669425964,0.001
245,245,0.25365549325942993,0.06609676033258438,0.503642201423645,0.2570928931236267,0.001
246,246,0.2536281943321228,0.06610126048326492,0.503615140914917,0.2571016550064087,0.001
247,247,0.25360211730003357,0.06610257923603058,0.5035892128944397,0.25710421800613403,0.001
248,248,0.2535761892795563,0.0661013051867485,0.5035634636878967,0.25710174441337585,0.001
249,249,0.2535493075847626,0.06610092520713806,0.5035368204116821,0.25710099935531616,0.001
250,250,0.2535216510295868,0.06610211730003357,0.5035093426704407,0.2571033239364624,0.001
251,251,0.25349244475364685,0.06610406190156937,0.5034803152084351,0.25710710883140564,0.001
252,252,0.2534628212451935,0.06610386818647385,0.5034509301185608,0.2571067214012146,0.001
253,253,0.2534324526786804,0.06610184162855148,0.5034207701683044,0.2571027874946594,0.001
254,254,0.2534011900424957,0.06609919667243958,0.5033897161483765,0.25709763169288635,0.001
255,255,0.2533706724643707,0.06610047072172165,0.5033593773841858,0.25710010528564453,0.001
256,256,0.2533404231071472,0.06610455363988876,0.503329336643219,0.25710806250572205,0.001
257,257,0.25330981612205505,0.06611078977584839,0.5032989382743835,0.25712019205093384,0.001
258,258,0.25327906012535095,0.06611794978380203,0.5032683610916138,0.2571341097354889,0.001
259,259,0.25324830412864685,0.06612502783536911,0.5032378435134888,0.257147878408432,0.001
260,260,0.2532173693180084,0.06613139063119888,0.5032070875167847,0.2571602463722229,0.001
261,261,0.2531867027282715,0.06610922515392303,0.5031766295433044,0.2571171522140503,0.001
262,262,0.25316184759140015,0.06599221378564835,0.5031518936157227,0.2568894922733307,0.001
263,263,0.2531324028968811,0.06589148938655853,0.5031226277351379,0.25669336318969727,0.001
264,264,0.2531023919582367,0.06582312285900116,0.5030928254127502,0.25656017661094666,0.001
265,265,0.2530726492404938,0.06576523929834366,0.5030632615089417,0.25644734501838684,0.001
266,266,0.25304368138313293,0.06571925431489944,0.5030344724655151,0.25635766983032227,0.001
267,267,0.25301477313041687,0.06568669527769089,0.5030057430267334,0.2562941610813141,0.001
268,268,0.25298574566841125,0.0656687542796135,0.5029768943786621,0.25625914335250854,0.001
269,269,0.2529563307762146,0.06566544622182846,0.5029476284980774,0.2562527060508728,0.001
270,270,0.2529267966747284,0.06567659974098206,0.5029183030128479,0.2562744617462158,0.001
271,271,0.252897173166275,0.06569984555244446,0.5028887987136841,0.2563198208808899,0.001
272,272,0.2528674900531769,0.06576371192932129,0.5028592944145203,0.25644436478614807,0.001
273,273,0.25283852219581604,0.06584378331899643,0.5028305053710938,0.25660043954849243,0.001
274,274,0.2528092861175537,0.06592961400747299,0.5028014183044434,0.2567676305770874,0.001
275,275,0.25278007984161377,0.06597667187452316,0.5027723908424377,0.2568592429161072,0.001
276,276,0.25275105237960815,0.06597276777029037,0.5027435421943665,0.2568516433238983,0.001
277,277,0.2527221143245697,0.06596317142248154,0.5027147531509399,0.25683295726776123,0.001
278,278,0.2526934742927551,0.06595145165920258,0.5026862621307373,0.25681015849113464,0.001
279,279,0.25266456604003906,0.06594068557024002,0.5026575326919556,0.2567891776561737,0.001
280,280,0.2526358366012573,0.06589076668024063,0.5026289224624634,0.25669196248054504,0.001
281,281,0.2526072561740875,0.06585301458835602,0.5026004910469055,0.2566184103488922,0.001
282,282,0.25257858633995056,0.06583170592784882,0.5025720000267029,0.25657689571380615,0.001
283,283,0.2525498867034912,0.0658271461725235,0.5025433897972107,0.2565680146217346,0.001
284,284,0.2525213360786438,0.06579684466123581,0.5025150179862976,0.2565089464187622,0.001
285,285,0.25249314308166504,0.06578800082206726,0.5024869441986084,0.2564917206764221,0.001
286,286,0.2524651885032654,0.06579651683568954,0.5024591684341431,0.25650832056999207,0.001
287,287,0.2524370551109314,0.06582135707139969,0.5024311542510986,0.2565567195415497,0.001
288,288,0.25240907073020935,0.06585713475942612,0.5024033188819885,0.2566264569759369,0.001
289,289,0.25238099694252014,0.06589655578136444,0.5023753643035889,0.25670325756073,0.001
290,290,0.2523528039455414,0.06593234837055206,0.5023472905158997,0.2567729651927948,0.001
291,291,0.25232475996017456,0.0659264475107193,0.5023193955421448,0.25676146149635315,0.001
292,292,0.2522967457771301,0.065884068608284,0.5022915005683899,0.25667890906333923,0.001
293,293,0.25226864218711853,0.0658159926533699,0.5022635459899902,0.256546288728714,0.001
294,294,0.25224027037620544,0.06573878228664398,0.5022352933883667,0.25639575719833374,0.001
295,295,0.2522120177745819,0.06566982716321945,0.5022071599960327,0.25626125931739807,0.001
296,296,0.2521834969520569,0.06562308222055435,0.5021787285804749,0.25617003440856934,0.001
297,297,0.25215500593185425,0.06560622900724411,0.5021503567695618,0.2561371326446533,0.001
298,298,0.25212669372558594,0.0656241700053215,0.502122163772583,0.25617215037345886,0.001
299,299,0.2520979642868042,0.06567124277353287,0.5020935535430908,0.25626400113105774,0.001
300,300,0.25206896662712097,0.06573440134525299,0.5020647048950195,0.25638720393180847,0.001
301,301,0.2520396113395691,0.06579926609992981,0.5020354390144348,0.25651368498802185,0.001
302,302,0.25200989842414856,0.06585246324539185,0.5020058751106262,0.25661733746528625,0.001
303,303,0.25197988748550415,0.06588459759950638,0.501975953578949,0.2566799521446228,0.001
304,304,0.25194960832595825,0.06589406728744507,0.5019457936286926,0.2566983997821808,0.001
305,305,0.2519187927246094,0.06588248908519745,0.5019150972366333,0.2566758394241333,0.001
306,306,0.2518876791000366,0.06585502624511719,0.5018841028213501,0.2566223442554474,0.001
307,307,0.2518560290336609,0.0658215880393982,0.5018525719642639,0.2565571963787079,0.001
308,308,0.25182393193244934,0.06579188257455826,0.5018206238746643,0.2564992904663086,0.001
309,309,0.2517915368080139,0.06577762216329575,0.501788318157196,0.2564714848995209,0.001
310,310,0.25175827741622925,0.06570383906364441,0.5017551779747009,0.2563275992870331,0.001
311,311,0.2517247498035431,0.06559538841247559,0.5017217993736267,0.25611597299575806,0.001
312,312,0.25169050693511963,0.06548319011926651,0.5016876459121704,0.25589683651924133,0.001
313,313,0.2516558766365051,0.06539792567491531,0.5016531348228455,0.25573018193244934,0.001
314,314,0.2516201436519623,0.0653592124581337,0.5016175508499146,0.2556544840335846,0.001
315,315,0.2515837848186493,0.06537560373544693,0.5015813112258911,0.25568652153015137,0.001
316,316,0.2515467703342438,0.06543787568807602,0.5015443563461304,0.2558082938194275,0.001
317,317,0.2515091598033905,0.06552999466657639,0.5015068650245667,0.2559882700443268,0.001
318,318,0.25146958231925964,0.06562305986881256,0.5014674067497253,0.25616997480392456,0.001
319,319,0.25142908096313477,0.06569306552410126,0.5014270544052124,0.25630658864974976,0.001
320,320,0.2513878047466278,0.06572966277599335,0.5013858675956726,0.2563779652118683,0.001
321,321,0.2513449192047119,0.06572381407022476,0.5013431310653687,0.2563665509223938,0.001
322,322,0.2512998878955841,0.065684974193573,0.501298189163208,0.2562907934188843,0.001
323,323,0.25125327706336975,0.06552848219871521,0.5012516975402832,0.2559853196144104,0.001
324,324,0.2512056529521942,0.06530873477458954,0.5012041926383972,0.25555574893951416,0.001
325,325,0.2511565089225769,0.06509148329496384,0.5011551976203918,0.2551303207874298,0.001
326,326,0.25110670924186707,0.06494271755218506,0.5011054873466492,0.25483861565589905,0.001
327,327,0.2510542869567871,0.06489750742912292,0.5010531544685364,0.2547498941421509,0.001
328,328,0.2509990334510803,0.06496279686689377,0.5009980201721191,0.2548780143260956,0.001
329,329,0.2509406507015228,0.06511063873767853,0.5009397864341736,0.2551678717136383,0.001
330,330,0.2508794069290161,0.06529374420642853,0.500878632068634,0.2555263936519623,0.001
331,331,0.25081586837768555,0.06545284390449524,0.500815212726593,0.2558375298976898,0.001
332,332,0.25074854493141174,0.065538190305233,0.5007479786872864,0.256004273891449,0.001
333,333,0.2506779134273529,0.06543964147567749,0.5006774663925171,0.2558117210865021,0.001
334,334,0.2506028413772583,0.06520286947488785,0.5006024837493896,0.2553485333919525,0.001
335,335,0.2505234479904175,0.06490827351808548,0.5005231499671936,0.25477102398872375,0.001
336,336,0.25044015049934387,0.06465856730937958,0.5004399418830872,0.2542804777622223,0.001
337,337,0.25034984946250916,0.0645129457116127,0.5003497004508972,0.2539939880371094,0.001
338,338,0.25025177001953125,0.06452292948961258,0.5002517104148865,0.25401362776756287,0.001
339,339,0.25014379620552063,0.06465449184179306,0.5001437664031982,0.2542724609375,0.001
340,340,0.2500271201133728,0.06470978260040283,0.5000271201133728,0.2543811798095703,0.001
341,341,0.24990323185920715,0.06469178199768066,0.49990323185920715,0.2543458044528961,0.001
342,342,0.24976731836795807,0.06460569053888321,0.4997672736644745,0.2541764974594116,0.001
343,343,0.24961607158184052,0.06448403745889664,0.49961593747138977,0.2539370656013489,0.001
344,344,0.24944636225700378,0.06419341266155243,0.4994460642337799,0.2533641755580902,0.001
345,345,0.2492634356021881,0.0638660341501236,0.49926289916038513,0.2527172863483429,0.001
346,346,0.24905437231063843,0.06355902552604675,0.4990534782409668,0.2521091401576996,0.001
347,347,0.24882817268371582,0.06341837346553802,0.498826801776886,0.2518300414085388,0.001
348,348,0.24858038127422333,0.06321274489164352,0.49857836961746216,0.2514214515686035,0.001
349,349,0.2483416497707367,0.06310579180717468,0.49833887815475464,0.25120866298675537,0.001
350,350,0.24809622764587402,0.06280399113893509,0.4980925917625427,0.2506072521209717,0.001
351,351,0.24795672297477722,0.06275073438882828,0.49795252084732056,0.25050097703933716,0.001
352,352,0.24773335456848145,0.062381401658058167,0.4977281987667084,0.24976268410682678,0.001
353,353,0.24768000841140747,0.0622037798166275,0.4976746141910553,0.2494068592786789,0.001
354,354,0.24643079936504364,0.06156306341290474,0.49641796946525574,0.248119056224823,0.001
355,355,0.24515767395496368,0.06098531186580658,0.49513399600982666,0.24695204198360443,0.001
356,356,0.2433888018131256,0.06018475815653801,0.4933445155620575,0.24532581865787506,0.001
357,357,0.24181140959262848,0.05921918898820877,0.4917432367801666,0.24334992468357086,0.001
358,358,0.24020396173000336,0.05843299627304077,0.49010607600212097,0.24172918498516083,0.001
359,359,0.23787440359592438,0.05726294592022896,0.487723708152771,0.2392967790365219,0.001
360,360,0.2348223477602005,0.05624663084745407,0.4845847189426422,0.2371637225151062,0.001
361,361,0.22865675389766693,0.05473821982741356,0.4781806766986847,0.23396199941635132,0.001
362,362,0.219871386885643,0.05319333076477051,0.4689044654369354,0.23063679039478302,0.001
363,363,0.2047446370124817,0.05143320560455322,0.45248717069625854,0.22678890824317932,0.001
364,364,0.17867010831832886,0.0475061759352684,0.4226938784122467,0.21795912086963654,0.001
365,365,0.19594602286815643,0.033606916666030884,0.4426579177379608,0.18332189321517944,0.001
366,366,0.14496907591819763,0.021119114011526108,0.38074803352355957,0.14532417058944702,0.001
367,367,0.1450612097978592,0.015483127906918526,0.3808690309524536,0.12443121522665024,0.001
368,368,0.14125770330429077,0.012429582886397839,0.3758426606655121,0.11148803681135178,0.001
369,369,0.1293032169342041,0.010377088561654091,0.35958755016326904,0.10186799615621567,0.001
370,370,0.09105069935321808,0.009407363831996918,0.30174607038497925,0.09699156880378723,0.001
371,371,0.30050593614578247,0.0084464056417346,0.5481842160224915,0.09190432727336884,0.001
372,372,0.3753668963909149,0.00808177050203085,0.6126719117164612,0.08989866822957993,0.001
373,373,0.07345668226480484,0.00849832221865654,0.27102893590927124,0.0921863466501236,0.001
374,374,0.0923735499382019,0.008487621322274208,0.3039301633834839,0.09212828427553177,0.001
375,375,0.1526985764503479,0.008481675758957863,0.3907666504383087,0.09209601581096649,0.001
376,376,0.14653801918029785,0.008456791751086712,0.3828028440475464,0.09196081757545471,0.001
377,377,0.09258157759904861,0.007441634312272072,0.30427220463752747,0.08626490831375122,0.001
378,378,0.05982868745923042,0.006373478565365076,0.24459902942180634,0.07983406633138657,0.001
379,379,0.2343422770500183,0.00586183276027441,0.48408910632133484,0.07656260579824448,0.001
380,380,0.4280403256416321,0.005706066731363535,0.6542478799819946,0.0755385085940361,0.001
381,381,0.12947389483451843,0.005685543641448021,0.3598248064517975,0.07540254294872284,0.001
382,382,0.13603101670742035,0.0060020554810762405,0.3688238263130188,0.07747293263673782,0.001
383,383,0.16301994025707245,0.006889152806252241,0.4037572741508484,0.08300092071294785,0.001
384,384,0.09531287103891373,0.008586818352341652,0.30872783064842224,0.09266508370637894,0.001
385,385,0.07447690516710281,0.010415783151984215,0.27290457487106323,0.10205774754285812,0.001
386,386,0.14700260758399963,0.012037543579936028,0.38340920209884644,0.10971573740243912,0.001
387,387,0.09542001783847809,0.013129291124641895,0.308901309967041,0.11458311975002289,0.001
388,388,0.04633982107043266,0.01348782330751419,0.2152668535709381,0.11613708734512329,0.001
389,389,0.04702117294073105,0.011691621504724026,0.21684366464614868,0.10812780261039734,0.001
390,390,0.06299342960119247,0.008477014489471912,0.25098490715026855,0.09207070618867874,0.001
391,391,0.044327203184366226,0.00565970316529274,0.2105402648448944,0.07523100078105927,0.001
392,392,0.041857797652482986,0.0048766955733299255,0.2045917809009552,0.06983333826065063,0.001
393,393,0.04363611340522766,0.004996314644813538,0.2088925838470459,0.07068461179733276,0.001
394,394,0.05247604474425316,0.005310213193297386,0.22907650470733643,0.07287120819091797,0.001
395,395,0.041501060128211975,0.005767969414591789,0.20371809601783752,0.07594715058803558,0.001
396,396,0.038344867527484894,0.00608007051050663,0.1958184540271759,0.07797480374574661,0.001
397,397,0.040019549429416656,0.006234525237232447,0.20004886388778687,0.07895901054143906,0.001
398,398,0.04183090850710869,0.006365625187754631,0.20452605187892914,0.07978487014770508,0.001
399,399,0.031089358031749725,0.006548516917973757,0.17632174491882324,0.08092290908098221,0.001
400,400,0.03799143806099892,0.006475512403994799,0.19491392374038696,0.08047056943178177,0.001
401,401,0.03960957005620003,0.006535493768751621,0.19902153313159943,0.08084239810705185,0.001
402,402,0.03431682288646698,0.007147585973143578,0.185248002409935,0.08454339951276779,0.001
403,403,0.030124524608254433,0.007568639703094959,0.17356418073177338,0.08699792623519897,0.001
404,404,0.03422529622912407,0.007730674464255571,0.18500080704689026,0.08792425692081451,0.001
405,405,0.033534880727529526,0.007661853451281786,0.1831253170967102,0.08753201365470886,0.001
406,406,0.026978380978107452,0.007026782259345055,0.16425096988677979,0.08382590115070343,0.001
407,407,0.027388468384742737,0.00659900950267911,0.1654946208000183,0.08123429119586945,0.001
408,408,0.03034086525440216,0.006547830533236265,0.17418628931045532,0.08091866970062256,0.001
409,409,0.024943117052316666,0.006680432707071304,0.15793390572071075,0.08173391222953796,0.001
410,410,0.029451869428157806,0.006611560005694628,0.17161546647548676,0.08131150156259537,0.001
411,411,0.025484710931777954,0.006437364500015974,0.15963931381702423,0.08023318648338318,0.001
412,412,0.02811649814248085,0.006437663454562426,0.16767974197864532,0.08023504912853241,0.001
413,413,0.023147448897361755,0.0065334634855389595,0.15214285254478455,0.08082984387874603,0.001
414,414,0.028144478797912598,0.006614647340029478,0.16776315867900848,0.08133048564195633,0.001
415,415,0.023301953449845314,0.006791907362639904,0.15264977514743805,0.08241303265094757,0.001
416,416,0.025940269231796265,0.00712182279676199,0.16105982661247253,0.08439089357852936,0.001
417,417,0.023902516812086105,0.007180419284850359,0.15460439026355743,0.08473735302686691,0.001
418,418,0.02396252565085888,0.007054174784570932,0.15479834377765656,0.08398913592100143,0.001
419,419,0.024016037583351135,0.0071134623140096664,0.15497109293937683,0.08434134721755981,0.001
420,420,0.023027395829558372,0.007299637887626886,0.15174780786037445,0.08543791621923447,0.001
421,421,0.024364057928323746,0.007452682126313448,0.1560899019241333,0.0863289162516594,0.001
422,422,0.02230275422334671,0.007608998101204634,0.14934106171131134,0.08722957223653793,0.001
423,423,0.023533068597316742,0.007765172980725765,0.15340492129325867,0.0881202220916748,0.001
424,424,0.022723564878106117,0.007656207773834467,0.15074338018894196,0.08749976009130478,0.001
425,425,0.022045401856303215,0.007517070043832064,0.14847694337368011,0.08670103549957275,0.001
426,426,0.02273549698293209,0.007584648206830025,0.15078294277191162,0.0870898887515068,0.001
427,427,0.022078659385442734,0.0077863046899437904,0.1485888957977295,0.08824004232883453,0.001
428,428,0.02226068079471588,0.007867333479225636,0.14920014142990112,0.08869799226522446,0.001
429,429,0.02179013192653656,0.007856501266360283,0.14761480689048767,0.08863690495491028,0.001
430,430,0.022223712876439095,0.007841434329748154,0.1490761935710907,0.08855187147855759,0.001
431,431,0.021558402106165886,0.007790647447109222,0.1468278020620346,0.08826464414596558,0.001
432,432,0.02171272598206997,0.00779415899887681,0.14735238254070282,0.08828453719615936,0.001
433,433,0.021825022995471954,0.007894059643149376,0.1477329432964325,0.0888485237956047,0.001
434,434,0.021412041038274765,0.008079242892563343,0.14632853865623474,0.08988460898399353,0.001
435,435,0.02162015624344349,0.008178988471627235,0.14703793823719025,0.09043776243925095,0.001
436,436,0.021358465775847435,0.008191743865609169,0.14614535868167877,0.09050825238227844,0.001
437,437,0.021454811096191406,0.008210324682295322,0.14647461473941803,0.09061083942651749,0.001
438,438,0.021229548379778862,0.00818481296300888,0.14570362865924835,0.09046995639801025,0.001
439,439,0.02135244384407997,0.008142600767314434,0.14612475037574768,0.0902363583445549,0.001
440,440,0.02128862589597702,0.00817597471177578,0.1459062248468399,0.09042109549045563,0.001
441,441,0.02109517715871334,0.008203735575079918,0.14524178206920624,0.0905744731426239,0.001
442,442,0.021271873265504837,0.00811003614217043,0.14584879577159882,0.09005574136972427,0.001
443,443,0.021043099462985992,0.008025274612009525,0.1450624018907547,0.08958389610052109,0.001
444,444,0.02112259902060032,0.008014238439500332,0.14533616602420807,0.08952227979898453,0.001
445,445,0.021069638431072235,0.008032362908124924,0.14515385031700134,0.08962345123291016,0.001
446,446,0.02104148268699646,0.008076313883066177,0.1450568288564682,0.08986831456422806,0.001
447,447,0.02102839946746826,0.008172557689249516,0.14501172304153442,0.09040220081806183,0.001
448,448,0.02095203474164009,0.008253602311015129,0.14474818110466003,0.09084933996200562,0.001
449,449,0.021017417311668396,0.008242474868893623,0.14497384428977966,0.09078807383775711,0.001
450,450,0.02090395800769329,0.008237403817474842,0.14458201825618744,0.09076014161109924,0.001
451,451,0.020944537594914436,0.008280787616968155,0.14472228288650513,0.09099883586168289,0.001
452,452,0.02092105709016323,0.008313113823533058,0.14464113116264343,0.09117627888917923,0.001
453,453,0.02086610719561577,0.00832403264939785,0.1444510519504547,0.09123613685369492,0.001
454,454,0.020895758643746376,0.008340300992131233,0.14455364644527435,0.09132524579763412,0.001
455,455,0.020849039778113365,0.008326518349349499,0.1443919688463211,0.09124975651502609,0.001
456,456,0.020857322961091995,0.008287239819765091,0.14442063868045807,0.09103427827358246,0.001
457,457,0.020827285945415497,0.008283526636660099,0.14431661367416382,0.09101387858390808,0.001
458,458,0.020826682448387146,0.008319691754877567,0.14431452751159668,0.09121234714984894,0.001
459,459,0.020813653245568275,0.008343998342752457,0.14426937699317932,0.09134548902511597,0.001
460,460,0.020785437896847725,0.00834846030920744,0.1441715508699417,0.09136991202831268,0.001
461,461,0.020803863182663918,0.008349227719008923,0.14423544704914093,0.09137410670518875,0.001
462,462,0.02076912671327591,0.00832805223762989,0.14411497116088867,0.09125816076993942,0.001
463,463,0.020769476890563965,0.008297017775475979,0.14411619305610657,0.09108796715736389,0.001
464,464,0.020763257518410683,0.008299793116748333,0.14409461617469788,0.0911032035946846,0.001
465,465,0.020741015672683716,0.008319505490362644,0.14401741325855255,0.09121132642030716,0.001
466,466,0.020743759348988533,0.008315272629261017,0.14402693510055542,0.09118811786174774,0.001
467,467,0.020726580172777176,0.008303378708660603,0.14396728575229645,0.09112288057804108,0.001
468,468,0.020724792033433914,0.008302923291921616,0.1439610719680786,0.09112037718296051,0.001
469,469,0.02071128785610199,0.008298374712467194,0.14391416311264038,0.09109541773796082,0.001
470,470,0.02070312574505806,0.008300865069031715,0.1438858062028885,0.09110908210277557,0.001
471,471,0.02070014365017414,0.008324426598846912,0.14387544989585876,0.09123829752206802,0.001
472,472,0.0206843800842762,0.00834026001393795,0.143820658326149,0.09132502228021622,0.001
473,473,0.020687296986579895,0.00832709763199091,0.1438307911157608,0.09125293046236038,0.001
474,474,0.020676782354712486,0.00831392128020525,0.1437942385673523,0.0911807045340538,0.001
475,475,0.02066851407289505,0.008310207165777683,0.14376547932624817,0.09116033464670181,0.001
476,476,0.02066829614341259,0.008306288160383701,0.14376471936702728,0.09113883972167969,0.001
477,477,0.02065691538155079,0.008309351280331612,0.14372514188289642,0.09115564078092575,0.001
478,478,0.020656080916523933,0.008321267552673817,0.14372223615646362,0.09122098237276077,0.001
479,479,0.02064923569560051,0.008320585824549198,0.14369842410087585,0.09121724218130112,0.001
480,480,0.020644523203372955,0.00831084605306387,0.14368201792240143,0.09116384387016296,0.001
481,481,0.020641466602683067,0.008313298225402832,0.14367137849330902,0.09117729216814041,0.001
482,482,0.02063528448343277,0.00832474883645773,0.1436498612165451,0.0912400633096695,0.001
483,483,0.020633991807699203,0.008330117911100388,0.14364536106586456,0.09126947820186615,0.001
484,484,0.020627515390515327,0.00833556056022644,0.14362283051013947,0.09129928797483444,0.001
485,485,0.02062479965388775,0.008336775004863739,0.14361336827278137,0.0913059413433075,0.001
486,486,0.020621981471776962,0.008323874324560165,0.14360356330871582,0.09123527258634567,0.001
487,487,0.020615778863430023,0.008313925936818123,0.14358195662498474,0.09118073433637619,0.001
488,488,0.020614707842469215,0.008317993022501469,0.14357823133468628,0.09120303392410278,0.001
489,489,0.020610172301530838,0.00832408294081688,0.1435624361038208,0.091236412525177,0.001
490,490,0.020606428384780884,0.008328224532306194,0.14354939758777618,0.09125910699367523,0.001
491,491,0.0206045750528574,0.008335172198712826,0.14354294538497925,0.09129716455936432,0.001
492,492,0.02059975266456604,0.008338462561368942,0.1435261368751526,0.09131518006324768,0.001
493,493,0.020597364753484726,0.00833885557949543,0.14351782202720642,0.09131733328104019,0.001
494,494,0.020594319328665733,0.008346913382411003,0.1435072124004364,0.09136144071817398,0.001
495,495,0.020590566098690033,0.008357139304280281,0.1434941291809082,0.09141738712787628,0.001
496,496,0.0205882266163826,0.00835975632071495,0.14348597824573517,0.09143169969320297,0.001
497,497,0.020584724843502045,0.008359198458492756,0.1434737741947174,0.09142865240573883,0.001
498,498,0.020581869408488274,0.008360125124454498,0.14346382021903992,0.09143371880054474,0.001
499,499,0.02057911828160286,0.008358738385140896,0.14345423877239227,0.09142613410949707,0.001
500,500,0.02057597041130066,0.00836119707673788,0.1434432715177536,0.09143958240747452,0.001
501,501,0.020573513582348824,0.008370262570679188,0.14343470335006714,0.09148913621902466,0.001
502,502,0.02057046629488468,0.00837706122547388,0.14342407882213593,0.09152628481388092,0.001
503,503,0.020567703992128372,0.008380929939448833,0.1434144526720047,0.0915474221110344,0.001
504,504,0.020565230399370193,0.008387040346860886,0.14340582489967346,0.09158078581094742,0.001
505,505,0.02056223154067993,0.008393204770982265,0.14339536428451538,0.09161443263292313,0.001
506,506,0.020559830591082573,0.008398705162107944,0.14338698983192444,0.09164445102214813,0.001
507,507,0.02055712603032589,0.008407012559473515,0.14337755739688873,0.09168976545333862,0.001
508,508,0.020554283633828163,0.008414317853748798,0.14336764812469482,0.09172958880662918,0.001
509,509,0.02055197022855282,0.008417031727731228,0.14335958659648895,0.09174438565969467,0.001
510,510,0.020549237728118896,0.008420188911259174,0.1433500498533249,0.09176158905029297,0.001
511,511,0.02054673805832863,0.008425455540418625,0.1433413326740265,0.09179028123617172,0.001
512,512,0.020544392988085747,0.008430039510130882,0.14333315193653107,0.09181524813175201,0.001
513,513,0.020541725680232048,0.008436411619186401,0.1433238536119461,0.09184993803501129,0.001
514,514,0.020539388060569763,0.008442849852144718,0.14331568777561188,0.09188497811555862,0.001
515,515,0.020537031814455986,0.008446541614830494,0.14330747723579407,0.09190506488084793,0.001
516,516,0.020534532144665718,0.008449257351458073,0.14329874515533447,0.09191983938217163,0.001
517,517,0.02053229510784149,0.008454683236777782,0.1432909518480301,0.09194935113191605,0.001
518,518,0.020529957488179207,0.00846055056899786,0.14328278601169586,0.09198125451803207,0.001
519,519,0.020527591928839684,0.008465639315545559,0.14327453076839447,0.09200891107320786,0.001
520,520,0.020525407046079636,0.008471258915960789,0.14326690137386322,0.09203944355249405,0.001
521,521,0.020523129031062126,0.008476213552057743,0.1432589590549469,0.09206635504961014,0.001
522,522,0.0205208882689476,0.008481298573315144,0.14325113594532013,0.09209396690130234,0.001
523,523,0.02051878720521927,0.008488799445331097,0.14324380457401276,0.09213468432426453,0.001
524,524,0.020516574382781982,0.008496370166540146,0.14323608577251434,0.09217575937509537,0.001
525,525,0.020514465868473053,0.008501867763698101,0.14322872459888458,0.09220557659864426,0.001
526,526,0.020512348040938377,0.00850735604763031,0.14322131872177124,0.09223532676696777,0.001
527,527,0.020510150119662285,0.008511441759765148,0.1432136446237564,0.09225747734308243,0.001
528,528,0.02050814963877201,0.008516136556863785,0.1432066708803177,0.09228291362524033,0.001
529,529,0.02050614543259144,0.00852311309427023,0.14319966733455658,0.09232071042060852,0.001
530,530,0.020504096522927284,0.008530396036803722,0.14319251477718353,0.09236014634370804,0.001
531,531,0.020502163097262383,0.008536046370863914,0.14318576455116272,0.09239072352647781,0.001
532,532,0.02050027623772621,0.008540927432477474,0.14317917823791504,0.09241713583469391,0.001
533,533,0.020498380064964294,0.008546121418476105,0.14317254722118378,0.09244523197412491,0.001
534,534,0.02049650438129902,0.008550828322768211,0.14316600561141968,0.0924706906080246,0.001
535,535,0.020494580268859863,0.008556053042411804,0.14315928518772125,0.09249893575906754,0.001
536,536,0.020492687821388245,0.008560298010706902,0.14315266907215118,0.09252187609672546,0.001
537,537,0.020490923896431923,0.00856395997107029,0.14314651489257812,0.0925416648387909,0.001
538,538,0.020489096641540527,0.008568491786718369,0.14314012229442596,0.09256614744663239,0.001
539,539,0.020487239584326744,0.008574428968131542,0.14313364028930664,0.09259821474552155,0.001
540,540,0.02048543095588684,0.008580789901316166,0.14312732219696045,0.09263255447149277,0.001
541,541,0.020483724772930145,0.008587300777435303,0.1431213617324829,0.09266769140958786,0.001
542,542,0.020481938496232033,0.008592440746724606,0.1431151181459427,0.09269542247056961,0.001
543,543,0.02048012800514698,0.008597183972597122,0.1431088000535965,0.09272100031375885,0.001
544,544,0.020478418096899986,0.008602393791079521,0.14310282468795776,0.09274908900260925,0.001
545,545,0.0204766895622015,0.008607826195657253,0.14309678971767426,0.09277836978435516,0.001
546,546,0.020475011318922043,0.008613189682364464,0.14309091866016388,0.09280727058649063,0.001
547,547,0.020473357290029526,0.008619088679552078,0.14308513700962067,0.09283904731273651,0.001
548,548,0.020471667870879173,0.00862374808639288,0.1430792361497879,0.09286414086818695,0.001
549,549,0.020470023155212402,0.008627375587821007,0.14307348430156708,0.09288366883993149,0.001
550,550,0.020468413829803467,0.008632266893982887,0.143067866563797,0.09290999174118042,0.001
551,551,0.020466770976781845,0.008637026883661747,0.14306212961673737,0.09293560683727264,0.001
552,552,0.020465167239308357,0.008642313070595264,0.14305651187896729,0.0929640382528305,0.001
553,553,0.02046358771622181,0.008647622540593147,0.14305099844932556,0.09299259632825851,0.001
554,554,0.02046200819313526,0.008652138523757458,0.14304547011852264,0.09301687031984329,0.001
555,555,0.02046043984591961,0.008656399324536324,0.1430399864912033,0.09303977340459824,0.001
556,556,0.020458878949284554,0.00866074487566948,0.14303453266620636,0.093063123524189,0.001
557,557,0.02045738510787487,0.008665984496474266,0.1430293172597885,0.09309127181768417,0.001
558,558,0.02045583352446556,0.008671999908983707,0.14302389323711395,0.09312357008457184,0.001
559,559,0.020454322919249535,0.008677186444401741,0.14301860332489014,0.09315142035484314,0.001
560,560,0.02045287936925888,0.008681485429406166,0.14301356673240662,0.09317448735237122,0.001
561,561,0.020451363176107407,0.008685370907187462,0.1430082619190216,0.09319533407688141,0.001
562,562,0.02044987492263317,0.00869038701057434,0.14300306141376495,0.0932222455739975,0.001
563,563,0.020448442548513412,0.008696303702890873,0.14299805462360382,0.0932539775967598,0.001
564,564,0.020446958020329475,0.008702904917299747,0.14299285411834717,0.09328936040401459,0.001
565,565,0.0204455703496933,0.008708690293133259,0.14298801124095917,0.09332036226987839,0.001
566,566,0.020444177091121674,0.008713780902326107,0.14298313856124878,0.09334763139486313,0.001
567,567,0.02044280804693699,0.0087184589356184,0.14297835528850555,0.09337268769741058,0.001
568,568,0.020441453903913498,0.008722804486751556,0.1429736167192459,0.09339595586061478,0.001
569,569,0.020440075546503067,0.008726910687983036,0.1429687887430191,0.0934179350733757,0.001
570,570,0.020438706502318382,0.008731651119887829,0.14296400547027588,0.09344330430030823,0.001
571,571,0.020437389612197876,0.008736860938370228,0.14295940101146698,0.09347117692232132,0.001
572,572,0.020436065271496773,0.008742555975914001,0.1429547667503357,0.09350163489580154,0.001
573,573,0.02043474279344082,0.008748174645006657,0.1429501473903656,0.09353167563676834,0.001
574,574,0.020433442667126656,0.008753892965614796,0.14294558763504028,0.09356223791837692,0.001
575,575,0.020432136952877045,0.008758720010519028,0.14294102787971497,0.09358803182840347,0.001
576,576,0.020430870354175568,0.008763911202549934,0.1429366022348404,0.09361576288938522,0.001
577,577,0.020429568365216255,0.00876965094357729,0.14293204247951508,0.09364641457796097,0.001
578,578,0.020428309217095375,0.00877536740154028,0.1429276317358017,0.09367693215608597,0.001
579,579,0.020427098497748375,0.008781450800597668,0.14292339980602264,0.09370939433574677,0.001
580,580,0.020425884053111076,0.008787447586655617,0.1429191529750824,0.09374138712882996,0.001
581,581,0.02042466029524803,0.00879303552210331,0.14291487634181976,0.09377118945121765,0.001
582,582,0.02042342536151409,0.008798508904874325,0.14291055500507355,0.0938003659248352,0.001
583,583,0.020422186702489853,0.00880372803658247,0.14290621876716614,0.09382818639278412,0.001
584,584,0.020420987159013748,0.008809754624962807,0.14290201663970947,0.09386029094457626,0.001
585,585,0.02041979879140854,0.00881659984588623,0.1428978592157364,0.09389675408601761,0.001
586,586,0.020418601110577583,0.008822526782751083,0.14289367198944092,0.09392830729484558,0.001
587,587,0.02041744627058506,0.008827833458781242,0.14288963377475739,0.09395655244588852,0.001
588,588,0.020416278392076492,0.008832658641040325,0.14288553595542908,0.09398222714662552,0.001
589,589,0.020415110513567924,0.008836975321173668,0.14288145303726196,0.09400518983602524,0.001
590,590,0.020413970574736595,0.008842680603265762,0.1428774744272232,0.09403552860021591,0.001
591,591,0.02041282132267952,0.008847996592521667,0.14287345111370087,0.09406378865242004,0.001
592,592,0.020411696285009384,0.008852953091263771,0.1428695023059845,0.09409013390541077,0.001
593,593,0.020410601049661636,0.00885845348238945,0.14286567270755768,0.0941193550825119,0.001
594,594,0.020409459248185158,0.008863601833581924,0.14286167919635773,0.09414670616388321,0.001
595,595,0.020408371463418007,0.008869185112416744,0.1428578644990921,0.09417635202407837,0.001
596,596,0.020407292991876602,0.008874841965734959,0.14285409450531006,0.09420637786388397,0.001
597,597,0.020406221970915794,0.008880596607923508,0.1428503543138504,0.09423691779375076,0.001
598,598,0.02040514163672924,0.008885916322469711,0.14284656941890717,0.09426514059305191,0.001
599,599,0.020404072478413582,0.008890933357179165,0.1428428292274475,0.09429174661636353,0.001
600,600,0.02040301449596882,0.008895626291632652,0.14283911883831024,0.09431663155555725,0.001
