Time_s,Current_A,CoilForce_N,WeightLoad_N,NetForce_N,Displacement_mm
0,0,-8.5788e-05,0.025637,-0.025722788,-3.70201816545187e-09
0.0008,0,-0.00010433,0.025637,-0.02574133,-0.0029289505951851
0.0016,0,-9.6061e-05,0.025637,-0.025733061,-0.0109917735366608
0.0024,0.02,0.0096045,0.025637,-0.0160325,-0.0229750367005682
0.0032,0.06,0.029143,0.025637,0.003506,-0.0371869851717304
0.004,0.1,0.048891,0.025637,0.023254,-0.0487068214300592
0.0048,0.14,0.068847,0.025637,0.04321,-0.0536837399154341
0.0056,0.18,0.08899,0.025637,0.063353,-0.0502836522319132
0.0064,0.2,0.099071,0.025637,0.073434,-0.0359939213038425
0.0072,0.2,0.098914,0.025637,0.073277,-0.008691858042811
0.008,0.2,0.098668,0.025637,0.073031,0.0318043616489821
0.0088,0.2,0.098321,0.025637,0.072684,0.085124115021331
0.0096,0.2,0.097861,0.025637,0.072224,0.150936903079519
0.0104,0.2,0.097273,0.025637,0.071636,0.228871032792095
0.0112,0.2,0.096545,0.025637,0.070908,0.318530343334166
0.012,0.2,0.095664,0.025637,0.070027,0.419498413479784
0.0128,0.2,0.094614,0.025637,0.068977,0.531338422148755
0.0136,0.2,0.095452,0.025637,0.069815,0.653591111751963
0.0144,0.2,0.095471,0.025637,0.069834,0.791157702800054
0.0152,0.2,0.092943,0.025637,0.067306,0.938120844999742
0.016,0.2,0.090124,0.025637,0.064487,1.09101289602246
0.0168,0.2,0.088935,0.025637,0.063298,1.25134196441802
0.0176,0.2,0.086645,0.025637,0.061008,1.42298408775259
0.0184,0.2,0.081991,0.025637,0.056354,1.60116989567403
0.0192,0.2,0.0793855,0.025637,0.0537485,1.78323642855899
0.02,0.2,0.077594,0.025637,0.051957,1.97267341474166
0.0208,0.2,0.071141,0.025637,0.045504,2.16620221968277
0.0216,0.2,0.0647035,0.025637,0.0390665,2.36180582152203
0.0224,0.2,0.062324,0.025637,0.036687,2.56071709251891
0.0232,0.2,0.055724,0.025637,0.030087,2.76060782632094
0.024,0.2,0.049442,0.025637,0.023805,2.96059988990021
0.0248,0.2,0.045984,0.025637,0.020347,3.15976920510699
0.0256,0.2,0.040051,0.025637,0.014414,3.35697302994293
0.0264,0.2,0.035543,0.025637,0.009906,3.55242330051089
0.0272,0.2,0.033195,0.025637,0.007558,3.74385339221945
0.028,0.2,0.028813,0.025637,0.003176,3.931392097935
0.0288,0.2,0.026154,0.025637,0.000517,4.11604047168862
0.0296,0.2,0.025428,0.025637,-0.000209000000000001,4.29491049756546
0.0304,0.2,0.022196,0.025637,-0.003441,4.46894276193588
0.0312,0.2,0.019314,0.025637,-0.006323,4.63955859024707
0.032,0.2,0.0181655,0.025637,-0.0074715,4.80539207102034
0.0328,0.2,0.017972,0.025637,-0.007665,4.96356623916917
0.0336,0.2,0.015601,0.025637,-0.010036,5.11615103914749
0.0344,0.2,0.01349,0.025637,-0.012147,5.26489093129492
0.0352,0.2,0.0148615,0.025637,-0.0107755,5.40836839584084
0.036,0.2,0.016523,0.025637,-0.009114,5.54420425219573
0.0368,0.2,0.014622,0.025637,-0.011015,5.67479079818676
0.0376,0.2,0.012837,0.025637,-0.0128,5.80178298063214
0.0384,0.2,0.0124785,0.025637,-0.0131585,5.92386573030301
0.0392,0.2,0.012329,0.025637,-0.013308,6.03819443171129
0.04,0.2,0.011041,0.025637,-0.014596,6.14710647473307
0.0408,0.2,0.0098609,0.025637,-0.0157761,6.25236513804472
0.0416,0.2,0.0087974,0.025637,-0.0168396,6.35021510906195
0.0424,0.2,0.0078035,0.025637,-0.0178335,6.44242753609086
0.0432,0.2,0.008238,0.025637,-0.017399,6.52895869020917
0.044,0.2,0.0098497,0.025637,-0.0157873,6.61050135925233
0.0448,0.2,0.0091,0.025637,-0.016537,6.68703186908559
0.0456,0.2,0.0083834,0.025637,-0.0172536,6.76021335737718
0.0464,0.2,0.0077322,0.025637,-0.0179048,6.82668688614433
0.0472,0.2,0.0071295,0.025637,-0.0185075,6.88813194379194
0.048,0.2,0.0065755,0.025637,-0.0190615,6.94456250128479
0.0488,0.2,0.0060705,0.025637,-0.0195665,6.99600139709196
0.0496,0.2,0.0056151,0.025637,-0.0200219,7.04248024159878
0.0504,0.2,0.0063604,0.025637,-0.0192766,7.08566908010813
0.0512,0.2,0.0079402,0.025637,-0.0176968,7.12292081093374
0.052,0.2,0.0076197,0.025637,-0.0180173,7.15592092817124
0.0528,0.2,0.0073356,0.025637,-0.0183014,7.18610741352156
0.0536,0.2,0.0071101,0.025637,-0.0185269,7.2107384839463
0.0544,0.2,0.006926,0.025637,-0.018711,7.2312836795978
0.0552,0.2,0.0067805,0.025637,-0.0188565,7.24781148316841
0.056,0.2,0.0066599,0.025637,-0.0189771,7.26169308042337
0.0568,0.2,0.0065706,0.025637,-0.0190664,7.27209109178447
0.0576,0.2,0.0065136,0.025637,-0.0191234,7.27877723635318
0.0584,0.2,0.0064885,0.025637,-0.0191485,7.28173017012647
0.0592,0.2,0.0064948,0.025637,-0.0191422,7.2810005758773
0.06,0.2,0.0065318,0.025637,-0.0191052,7.27666581351621
0.0608,0.2,0.006599,0.025637,-0.019038,7.26881460097607
0.0616,0.2,0.0066963,0.025637,-0.0189407,7.25754178494859
0.0624,0.2,0.0068237,0.025637,-0.0188133,7.24294652362864
0.0632,0.2,0.0069814,0.025637,-0.0186556,7.2251316463505
0.064,0.2,0.0071702,0.025637,-0.0184668,7.20420344252929
0.0648,0.2,0.0073908,0.025637,-0.0182462,7.18027162912974
0.0656,0.2,0.0076444,0.025637,-0.0179926,7.15344940993166
0.0664,0.2,0.0079322,0.025637,-0.0177048,7.12385359160737
0.0672,0.2,0.0082557,0.025637,-0.0173813,7.09160473511781
0.068,0.2,0.0086163,0.025637,-0.0170207,7.05682732128392
0.0688,0.2,0.0090153,0.025637,-0.0166217,7.0196499054102
0.0696,0.2,0.0094535,0.025637,-0.0161835,6.98020523096372
0.0704,0.2,0.0099311,0.025637,-0.0157059,6.93863026829414
0.0712,0.2,0.010448,0.025637,-0.015189,6.89506614252242
0.072,0.2,0.011002,0.025637,-0.014635,6.84965791629144
0.0728,0.2,0.011591,0.025637,-0.014046,6.80255419925213
0.0736,0.2,0.012212,0.025637,-0.013425,6.75390656775022
0.0744,0.2,0.012859,0.025637,-0.012778,6.70386879499297
0.0752,0.2,0.013527,0.025637,-0.01211,6.65259591228151
0.076,0.2,0.01421,0.025637,-0.011427,6.60024314227106
0.0768,0.2,0.014901,0.025637,-0.010736,6.54696476121741
0.0776,0.2,0.015594,0.025637,-0.010043,6.49291295473796
0.0784,0.2,0.015312,0.025637,-0.010325,6.43823672874343
0.0792,0.2,0.011088,0.025637,-0.014549,6.38180913501756
0.08,0.2,0.011788,0.025637,-0.013849,6.32410745518627
0.0808,0.2,0.012532,0.025637,-0.013105,6.26563221284843
0.0816,0.2,0.013327,0.025637,-0.01231,6.20584157173783
0.0824,0.2,0.014164,0.025637,-0.011473,6.14530106343568
0.0832,0.2,0.015039,0.025637,-0.010598,6.08419228841933
0.084,0.2,0.015944,0.025637,-0.009693,6.0226983541892
0.0848,0.2,0.016872,0.025637,-0.008765,5.96100229792105
0.0856,0.2,0.017813,0.025637,-0.007824,5.89928537110983
0.0864,0.2,0.0177,0.025637,-0.007937,5.83772530892178
0.0872,0.2,0.015052,0.025637,-0.010585,5.7756233595037
0.088,0.2,0.015959,0.025637,-0.009678,5.71316241769433
0.0888,0.2,0.016888,0.025637,-0.008749,5.65054395378672
0.0896,0.2,0.017836,0.025637,-0.007801,5.58785360781027
0.0904,0.2,0.018796,0.025637,-0.006841,5.5253499738496
0.0912,0.2,0.019762,0.025637,-0.005875,5.46320984706712
0.092,0.2,0.020728,0.025637,-0.004909,5.40160588397708
0.0928,0.2,0.021688,0.025637,-0.003949,5.34070554843933
0.0936,0.2,0.022637,0.025637,-0.003,5.28067017460737
0.0944,0.2,0.023568,0.025637,-0.002069,5.22165418969177
0.0952,0.2,0.0229665,0.025637,-0.0026705,5.16380450876188
0.096,0.2,0.020243,0.025637,-0.005394,5.10629938370036
0.0968,0.2,0.021177,0.025637,-0.00446,5.04930595910615
0.0976,0.2,0.022131,0.025637,-0.003506,4.99272837084113
0.0984,0.2,0.023088,0.025637,-0.002549,4.93720210447337
0.0992,0.2,0.024046,0.025637,-0.001591,4.88267916953122
0.1,0.2,0.024999,0.025637,-0.000638,4.82931459314365
0.1008,0.2,0.025938,0.025637,0.000300999999999999,4.77725738737011
0.1016,0.2,0.026859,0.025637,0.001222,4.72664956959686
0.1024,0.2,0.027756,0.025637,0.002119,4.6776253460308
0.1032,0.2,0.028624,0.025637,0.002987,4.63031046881751
0.104,0.2,0.029461,0.025637,0.003824,4.58482176086247
0.1048,0.2,0.030263,0.025637,0.004626,4.54126678997942
0.1056,0.2,0.030152,0.025637,0.004515,4.49974366676023
0.1064,0.2,0.026561,0.025637,0.000924000000000001,4.45936713636438
0.1072,0.2,0.027349,0.025637,0.001712,4.42025804629284
0.108,0.2,0.028134,0.025637,0.002497,4.38204661435952
0.1088,0.2,0.028895,0.025637,0.003258,4.34578018087032
0.1096,0.2,0.029636,0.025637,0.003999,4.31111376231118
0.1104,0.2,0.030353,0.025637,0.004716,4.27814426528441
0.1112,0.2,0.031041,0.025637,0.005404,4.24696105476473
0.112,0.2,0.031698,0.025637,0.006061,4.21764539219244
0.1128,0.2,0.032319,0.025637,0.006682,4.19026993204998
0.1136,0.2,0.032901,0.025637,0.007264,4.16489829058061
0.1144,0.2,0.03344,0.025637,0.007803,4.14158469594225
0.1152,0.2,0.033935,0.025637,0.008298,4.12037372487684
0.116,0.2,0.034384,0.025637,0.008747,4.10130012727567
0.1168,0.2,0.034783,0.025637,0.009146,4.08438873704884
0.1176,0.2,0.035133,0.025637,0.009496,4.06965446553092
0.1184,0.2,0.035432,0.025637,0.009795,4.05710237223305
0.1192,0.2,0.03568,0.025637,0.010043,4.04672780696996
0.12,0.2,0.035877,0.025637,0.01024,4.03851661710519
0.1208,0.2,0.036023,0.025637,0.010386,4.03244541372353
0.1216,0.2,0.036118,0.025637,0.010481,4.02848189083053
0.1224,0.2,0.036163,0.025637,0.010526,4.0265851920894
0.1232,0.2,0.03616,0.025637,0.010523,4.0267063200613
0.124,0.2,0.03611,0.025637,0.010473,4.02878858335855
0.1248,0.2,0.036015,0.025637,0.010378,4.03276807751425
0.1256,0.2,0.035875,0.025637,0.010238,4.03857419569103
0.1264,0.2,0.035694,0.025637,0.010057,4.0461301655798
0.1272,0.2,0.035474,0.025637,0.009837,4.05535360896607
0.128,0.2,0.035216,0.025637,0.009579,4.06615712046445
0.1288,0.2,0.034935,0.025637,0.009298,4.07797381931457
0.1296,0.2,0.034624,0.025637,0.008987,4.09108619655797
0.1304,0.2,0.034284,0.025637,0.008647,4.1055265887537
0.1312,0.2,0.033915,0.025637,0.008278,4.12124038672463
0.132,0.2,0.03352,0.025637,0.007883,4.13814170319925
0.1328,0.2,0.033102,0.025637,0.007465,4.1561326209184
0.1336,0.2,0.032665,0.025637,0.007028,4.17511011306804
0.1344,0.2,0.032211,0.025637,0.006574,4.19496878893748
0.1352,0.2,0.031743,0.025637,0.006106,4.21560221939357
0.136,0.2,0.031265,0.025637,0.005628,4.23690376965187
0.1368,0.2,0.030779,0.025637,0.005142,4.25876724893742
0.1376,0.2,0.030287,0.025637,0.00465,4.28108747802188
0.1384,0.2,0.029794,0.025637,0.004157,4.30376080556099
0.1392,0.2,0.029301,0.025637,0.003664,4.32668558104456
0.14,0.2,0.02881,0.025637,0.003173,4.34976258502093
0.1408,0.2,0.028324,0.025637,0.002687,4.37289541556031
0.1416,0.2,0.027845,0.025637,0.002208,4.3959908300839
0.1424,0.2,0.027374,0.025637,0.001737,4.41895904245099
0.1432,0.2,0.026913,0.025637,0.001276,4.44171397610153
0.144,0.2,0.026464,0.025637,0.000827000000000001,4.46417347491063
0.1448,0.2,0.026028,0.025637,0.000390999999999999,4.48625947414045
0.1456,0.2,0.025605,0.025637,-3.20000000000008e-05,4.5078981344376
0.1464,0.2,0.025196,0.025637,-0.000441,4.52901994220807
0.1472,0.2,0.024803,0.025637,-0.000834000000000001,4.54955977990995
0.148,0.2,0.024427,0.025637,-0.00121,4.56945696985401
0.1488,0.2,0.024066,0.025637,-0.001571,4.58865529501307
0.1496,0.2,0.023723,0.025637,-0.001914,4.60710300014
0.1504,0.2,0.023397,0.025637,-0.00224,4.62475277620841
0.1512,0.2,0.023089,0.025637,-0.002548,4.64156173084497
0.152,0.2,0.022798,0.025637,-0.002839,4.65749134704366
0.1528,0.2,0.022527,0.025637,-0.00311,4.67250743206254
0.1536,0.2,0.022273,0.025637,-0.003364,4.68658005802263
0.1544,0.2,0.022038,0.025637,-0.003599,4.69968349537232
0.1552,0.2,0.021822,0.025637,-0.003815,4.71179614006392
0.156,0.2,0.021624,0.025637,-0.004013,4.72290043501927
0.1568,0.2,0.021445,0.025637,-0.004192,4.73298278624475
0.1576,0.2,0.021285,0.025637,-0.004352,4.74203347379348
0.1584,0.2,0.021144,0.025637,-0.004493,4.7500465576625
0.1592,0.2,0.021021,0.025637,-0.004616,4.75701977864831
0.16,0.2,0.020916,0.025637,-0.004721,4.76295445416102
0.1608,0.2,0.02083,0.025637,-0.004807,4.76785536900386
0.1616,0.2,0.020762,0.025637,-0.004875,4.77173066115659
0.1624,0.2,0.020712,0.025637,-0.004925,4.77459170264623
0.1632,0.2,0.02068,0.025637,-0.004957,4.7764529756442
0.164,0.2,0.020664,0.025637,-0.004973,4.77733194398594
0.1648,0.2,0.020666,0.025637,-0.004971,4.7772489203661
0.1656,0.2,0.020684,0.025637,-0.004953,4.77622692951492
0.1664,0.2,0.020718,0.025637,-0.004919,4.77429156770818
0.1672,0.2,0.020767,0.025637,-0.00487,4.77147085900199
0.168,0.2,0.020832,0.025637,-0.004805,4.76779510861559
0.1688,0.2,0.020911,0.025637,-0.004726,4.76329675390759
0.1696,0.2,0.021004,0.025637,-0.004633,4.75801021340499
0.1704,0.2,0.02111,0.025637,-0.004527,4.75197173434915
0.1712,0.2,0.021229,0.025637,-0.004408,4.74521923921787
0.172,0.2,0.02136,0.025637,-0.004277,4.73779217166893
0.1728,0.2,0.021503,0.025637,-0.004134,4.72973134232693
0.1736,0.2,0.021657,0.025637,-0.00398,4.72107877480382
0.1744,0.2,0.021821,0.025637,-0.003816,4.71187755230424
0.1752,0.2,0.021994,0.025637,-0.003643,4.70217166512189
0.176,0.2,0.022176,0.025637,-0.003461,4.69200585928452
0.1768,0.2,0.022366,0.025637,-0.003271,4.68142548655467
0.1776,0.2,0.022564,0.025637,-0.003073,4.67047635594517
0.1784,0.2,0.022768,0.025637,-0.002869,4.65920458686329
0.1792,0.2,0.022978,0.025637,-0.002659,4.64765646396032
0.18,0.2,0.023193,0.025637,-0.002444,4.63587829373433
0.1808,0.2,0.023413,0.025637,-0.002224,4.62391626291719
0.1816,0.2,0.023636,0.025637,-0.002001,4.61181629867169
0.1824,0.2,0.023862,0.025637,-0.001775,4.59962393063252
0.1832,0.2,0.02409,0.025637,-0.001547,4.58738415484662
0.184,0.2,0.02432,0.025637,-0.001317,4.57514129970044
0.1848,0.2,0.02455,0.025637,-0.001087,4.5629388939663
0.1856,0.2,0.02478,0.025637,-0.000857,4.5508195371518
0.1864,0.2,0.025009,0.025637,-0.000628,4.53882477239519
0.1872,0.2,0.025236,0.025637,-0.000400999999999999,4.52699496221198
0.188,0.2,0.02546,0.025637,-0.000177,4.51536916746139
0.1888,0.2,0.025681,0.025637,4.39999999999989e-05,4.50398502996253
0.1896,0.2,0.025898,0.025637,0.000261000000000001,4.49287865924689
0.1904,0.2,0.02611,0.025637,0.000473000000000001,4.48208452398343
0.1912,0.2,0.026317,0.025637,0.00068,4.47163534865223
0.192,0.2,0.026517,0.025637,0.000879999999999999,4.46156201607181
0.1928,0.2,0.02671,0.025637,0.001073,4.45189347640121
0.1936,0.2,0.026895,0.025637,0.001258,4.44265666324027
0.1944,0.2,0.027072,0.025637,0.001435,4.43387641744029
0.1952,0.2,0.02724,0.025637,0.001603,4.42557541921145
0.196,0.2,0.027399,0.025637,0.001762,4.41777412907511
0.1968,0.2,0.027548,0.025637,0.001911,4.41049073815731
0.1976,0.2,0.027686,0.025637,0.002049,4.40374112825813
0.1984,0.2,0.027813,0.025637,0.002176,4.39753884205968
0.1992,0.2,0.02793,0.025637,0.002293,4.39189506375632
0.2,0.2,0.028035,0.025637,0.002398,4.38681861030582
0.2008,0.2,0.028128,0.025637,0.002491,4.38231593341136
0.2016,0.2,0.02821,0.025637,0.002573,4.37839113225344
0.2024,0.2,0.02828,0.025637,0.002643,4.37504597690014
0.2032,0.2,0.028337,0.025637,0.0027,4.37227994223416
0.204,0.2,0.028383,0.025637,0.002746,4.37009025214883
0.2048,0.2,0.028417,0.025637,0.00278,4.36847193368235
0.2056,0.2,0.028439,0.025637,0.002802,4.36741788068157
0.2064,0.2,0.028449,0.025637,0.002812,4.36691892651541
0.2072,0.2,0.028448,0.025637,0.002811,4.36696392529222
0.208,0.2,0.028436,0.025637,0.002799,4.36753984097736
0.2088,0.2,0.028414,0.025637,0.002777,4.36863184375648
0.2096,0.2,0.02838,0.025637,0.002743,4.37022341294678
0.2104,0.2,0.028337,0.025637,0.0027,4.37229644572331
0.2112,0.2,0.028284,0.025637,0.002647,4.37483137089988
0.212,0.2,0.028222,0.025637,0.002585,4.37780726698502
0.2128,0.2,0.028151,0.025637,0.002514,4.38120198372171
0.2136,0.2,0.028073,0.025637,0.002436,4.38499226631628
0.2144,0.2,0.027986,0.025637,0.002349,4.38915388156554
0.2152,0.2,0.027893,0.025637,0.002256,4.39366174510282
0.216,0.2,0.027794,0.025637,0.002157,4.39849004900213
0.2168,0.2,0.027688,0.025637,0.002051,4.40361238900442
0.2176,0.2,0.027578,0.025637,0.001941,4.40900189066157
0.2184,0.2,0.027463,0.025637,0.001826,4.41463133373044
0.2192,0.2,0.027344,0.025637,0.001707,4.42047327419088
0.22,0.2,0.027221,0.025637,0.001584,4.42650016330801
0.2208,0.2,0.027096,0.025637,0.001459,4.43268446320818
0.2216,0.2,0.026968,0.025637,0.001331,4.43899875848989
0.2224,0.2,0.026839,0.025637,0.001202,4.44541586344494
0.2232,0.2,0.026709,0.025637,0.001072,4.45190892451941
0.224,0.2,0.026578,0.025637,0.000941000000000001,4.45845151769883
0.2248,0.2,0.026448,0.025637,0.000810999999999999,4.46501774055556
0.2256,0.2,0.026317,0.025637,0.00068,4.47158229874881
0.2264,0.2,0.026188,0.025637,0.000550999999999999,4.47812058681796
0.2272,0.2,0.02606,0.025637,0.000423,4.4846087631573
0.228,0.2,0.025934,0.025637,0.000296999999999999,4.49102381910438
0.2288,0.2,0.025811,0.025637,0.000174000000000001,4.49734364211529
0.2296,0.2,0.02569,0.025637,5.3000000000001e-05,4.50354707303692
0.2304,0.2,0.025572,0.025637,-6.49999999999991e-05,4.50961395751924
0.2312,0.2,0.025457,0.025637,-0.00018,4.51552519164011
0.232,0.2,0.025346,0.025637,-0.000291,4.52126276184026
0.2328,0.2,0.025239,0.025637,-0.000397999999999999,4.52680977928733
0.2336,0.2,0.025137,0.025637,-0.0005,4.53215050880642
0.2344,0.2,0.025038,0.025637,-0.000598999999999999,4.53727039252893
0.2352,0.2,0.024945,0.025637,-0.000692000000000002,4.54215606842326
0.236,0.2,0.024856,0.025637,-0.000781,4.54679538388032
0.2368,0.2,0.024773,0.025637,-0.000864,4.55117740453332
0.2376,0.2,0.024695,0.025637,-0.000941999999999998,4.55529241849628
0.2384,0.2,0.024622,0.025637,-0.001015,4.55913193620873
0.2392,0.2,0.024555,0.025637,-0.001082,4.56268868607588
0.24,0.2,0.024493,0.025637,-0.001144,4.56595660609441
0.2408,0.2,0.024437,0.025637,-0.0012,4.56893083165331
0.2416,0.2,0.024386,0.025637,-0.001251,4.57160767969903
0.2424,0.2,0.024342,0.025637,-0.001295,4.57398462945233
0.2432,0.2,0.024303,0.025637,-0.001334,4.57606029986301
0.244,0.2,0.024269,0.025637,-0.001368,4.57783442398658
0.2448,0.2,0.024242,0.025637,-0.001395,4.57930782046519
0.2456,0.2,0.024219,0.025637,-0.001418,4.58048236229286
0.2464,0.2,0.024203,0.025637,-0.001434,4.58136094304337
0.2472,0.2,0.024192,0.025637,-0.001445,4.5819474407367
0.248,0.2,0.024186,0.025637,-0.001451,4.58224667951824
0.2488,0.2,0.024186,0.025637,-0.001451,4.58226438932274
0.2496,0.2,0.024191,0.025637,-0.001446,4.58200716369304
0.2504,0.2,0.024201,0.025637,-0.001436,4.58148241592158
0.2512,0.2,0.024215,0.025637,-0.001422,4.58069833368063
0.252,0.2,0.024235,0.025637,-0.001402,4.5796638323052
0.2528,0.2,0.024259,0.025637,-0.001378,4.57838850689054
0.2536,0.2,0.024287,0.025637,-0.00135,4.57688258336381
0.2544,0.2,0.02432,0.025637,-0.001317,4.57515686868789
0.2552,0.2,0.024356,0.025637,-0.001281,4.57322270035244
0.256,0.2,0.024396,0.025637,-0.001241,4.57109189530612
0.2568,0.2,0.02444,0.025637,-0.001197,4.56877669848081
0.2576,0.2,0.024487,0.025637,-0.00115,4.5662897310573
0.2584,0.2,0.024537,0.025637,-0.0011,4.56364393861932
0.2592,0.2,0.024589,0.025637,-0.001048,4.56085253934122
0.26,0.2,0.024645,0.025637,-0.000992,4.55792897235178
0.2608,0.2,0.024703,0.025637,-0.000934000000000001,4.55488684641582
0.2616,0.2,0.024762,0.025637,-0.000875000000000001,4.55173988907196
0.2624,0.2,0.024824,0.025637,-0.000813000000000001,4.54850189636383
0.2632,0.2,0.024887,0.025637,-0.000750000000000001,4.54518668329985
0.264,0.2,0.024952,0.025637,-0.000685000000000002,4.54180803517416
0.2648,0.2,0.025017,0.025637,-0.000619999999999999,4.53837965987985
0.2656,0.2,0.025084,0.025637,-0.000553000000000001,4.53491514134281
0.2664,0.2,0.025151,0.025637,-0.000486,4.53142789420247
0.2672,0.2,0.025218,0.025637,-0.000418999999999999,4.52793111986244
0.268,0.2,0.025285,0.025637,-0.000352000000000002,4.52443776403205
0.2688,0.2,0.025352,0.025637,-0.000285000000000001,4.52097456263393
0.2696,0.2,0.025418,0.025637,-0.000219,4.51755154274209
0.2704,0.2,0.025483,0.025637,-0.000154000000000001,4.51418000004232
0.2712,0.2,0.025547,0.025637,-8.99999999999998e-05,4.5108707596721
0.272,0.2,0.02561,0.025637,-2.69999999999992e-05,4.50763414857304
0.2728,0.2,0.025672,0.025637,3.50000000000003e-05,4.50447997016611
0.2736,0.2,0.025731,0.025637,9.40000000000003e-05,4.50141748140754
0.2744,0.2,0.025789,0.025637,0.000151999999999999,4.49845537227423
0.2752,0.2,0.025845,0.025637,0.000208,4.49560174771955
0.276,0.2,0.025898,0.025637,0.000261000000000001,4.49286411213055
0.2768,0.2,0.02595,0.025637,0.000313000000000001,4.49024935630809
0.2776,0.2,0.025998,0.025637,0.000361,4.48776374698172
0.2784,0.2,0.026045,0.025637,0.000407999999999999,4.48541291886035
0.2792,0.2,0.026088,0.025637,0.000451,4.48320186920991
0.28,0.2,0.026129,0.025637,0.000491999999999999,4.48113495493817
0.2808,0.2,0.026167,0.025637,0.000529999999999999,4.47921589215627
0.2816,0.2,0.026202,0.025637,0.000565,4.47744775817676
0.2824,0.2,0.026234,0.025637,0.000597,4.47583299589613
0.2832,0.2,0.026262,0.025637,0.000625000000000001,4.47437342050138
0.284,0.2,0.026288,0.025637,0.000650999999999999,4.47307022842893
0.2848,0.2,0.026311,0.025637,0.000674000000000001,4.47192400849579
0.2856,0.2,0.02633,0.025637,0.000692999999999999,4.47093475511331
0.2864,0.2,0.026347,0.025637,0.000709999999999999,4.4701018834862
0.2872,0.2,0.02636,0.025637,0.000723000000000001,4.46942424669104
0.288,0.2,0.026371,0.025637,0.000733999999999999,4.46890015452228
0.2888,0.2,0.026378,0.025637,0.000740999999999999,4.46852739398694
0.2896,0.2,0.026383,0.025637,0.000746,4.468303251324
0.2904,0.2,0.026384,0.025637,0.000747000000000001,4.46822453541975
0.2912,0.2,0.026383,0.025637,0.000746,4.46828760248664
0.292,0.2,0.026379,0.025637,0.000742,4.46848838186998
0.2928,0.2,0.026372,0.025637,0.000735,4.46882240284534
0.2936,0.2,0.026363,0.025637,0.000726000000000001,4.46928482226733
0.2944,0.2,0.026351,0.025637,0.000713999999999999,4.46987045293093
0.2952,0.2,0.026338,0.025637,0.000701,4.47057379250649
0.296,0.2,0.026321,0.025637,0.000684000000000001,4.47138905291082
0.2968,0.2,0.026303,0.025637,0.000666,4.47231018997876
0.2976,0.2,0.026283,0.025637,0.000646000000000001,4.47333093330238
0.2984,0.2,0.026261,0.025637,0.000624,4.4744448161082
0.2992,0.2,0.026237,0.025637,0.0006,4.47564520504687
0.3,0.2,0.026212,0.025637,0.000574999999999999,4.47692532977424
0.3008,0.2,0.026185,0.025637,0.000548,4.47827831220773
0.3016,0.2,0.026157,0.025637,0.00052,4.47969719534764
0.3024,0.2,0.026128,0.025637,0.000490999999999998,4.48117497155858
0.3032,0.2,0.026098,0.025637,0.000461,4.48270461021251
0.304,0.2,0.026067,0.025637,0.00043,4.48427908460159
0.3048,0.2,0.026035,0.025637,0.000397999999999999,4.48589139803526
0.3056,0.2,0.026003,0.025637,0.000365999999999998,4.48753460904325
0.3064,0.2,0.02597,0.025637,0.000333,4.48920185561265
0.3072,0.2,0.025937,0.025637,0.000300000000000002,4.49088637839464
0.308,0.2,0.025904,0.025637,0.000267,4.49258154282305
0.3088,0.2,0.025871,0.025637,0.000234000000000002,4.49428086009393
0.3096,0.2,0.025837,0.025637,0.000199999999999999,4.4959780069622
0.3104,0.2,0.025804,0.025637,0.000167,4.49766684431813
0.3112,0.2,0.025772,0.025637,0.000135,4.49934143451264
0.312,0.2,0.025739,0.025637,0.000102000000000001,4.50099605740728
0.3128,0.2,0.025708,0.025637,7.10000000000016e-05,4.50262522513041
0.3136,0.2,0.025677,0.025637,3.99999999999984e-05,4.50422369552705
0.3144,0.2,0.025646,0.025637,8.99999999999859e-06,4.50578648429586
0.3152,0.2,0.025617,0.025637,-1.99999999999992e-05,4.50730887581164
0.316,0.2,0.025588,0.025637,-4.90000000000004e-05,4.50878643263706
0.3168,0.2,0.02556,0.025637,-7.70000000000007e-05,4.51021500373226
0.3176,0.2,0.025533,0.025637,-0.000104,4.51159073137514
0.3184,0.2,0.025508,0.025637,-0.000129000000000001,4.51291005680996
0.3192,0.2,0.025483,0.025637,-0.000154000000000001,4.51416972464525
0.32,0.2,0.02546,0.025637,-0.000177,4.51536678602613
0.3208,0.2,0.025438,0.025637,-0.000199000000000001,4.51649860060955
0.3216,0.2,0.025418,0.025637,-0.000219,4.51756283737371
0.3224,0.2,0.025398,0.025637,-0.000239,4.51855747429647
0.3232,0.2,0.025381,0.025637,-0.000255999999999999,4.51948079693945
0.324,0.2,0.025364,0.025637,-0.000272999999999999,4.52033139597748
0.3248,0.2,0.025349,0.025637,-0.000288,4.52110816371499
0.3256,0.2,0.025336,0.025637,-0.000300999999999999,4.52181028963281
0.3264,0.2,0.025324,0.025637,-0.000313000000000001,4.52243725501052
0.3272,0.2,0.025313,0.025637,-0.000324000000000001,4.52298882667114
0.328,0.2,0.025304,0.025637,-0.000333,4.52346504989625
0.3288,0.2,0.025296,0.025637,-0.000341000000000001,4.52386624056029
0.3296,0.2,0.02529,0.025637,-0.000347,4.52419297653438
0.3304,0.2,0.025285,0.025637,-0.000352000000000002,4.52444608841013
0.3312,0.2,0.025281,0.025637,-0.000355999999999999,4.52462664959486
0.332,0.2,0.025279,0.025637,-0.000358000000000001,4.52473596582986
0.3328,0.2,0.025278,0.025637,-0.000359000000000002,4.52477556418359
0.3336,0.2,0.025279,0.025637,-0.000358000000000001,4.524747181572
0.3344,0.2,0.025281,0.025637,-0.000355999999999999,4.52465275285767
0.3352,0.2,0.025284,0.025637,-0.000352999999999999,4.52449439858001
0.336,0.2,0.025288,0.025637,-0.000348999999999999,4.52427441236763
0.3368,0.2,0.025294,0.025637,-0.000343,4.52399524808419
0.3376,0.2,0.0253,0.025637,-0.000337,4.52365950675821
0.3384,0.2,0.025308,0.025637,-0.000328999999999999,4.52326992334677
0.3392,0.2,0.025316,0.025637,-0.000320999999999998,4.52282935338199
0.34,0.2,0.025325,0.025637,-0.000312,4.52234075954875
0.3408,0.2,0.025336,0.025637,-0.000300999999999999,4.52180719824061
0.3416,0.2,0.025347,0.025637,-0.000289999999999999,4.52123180614023
0.3424,0.2,0.025359,0.025637,-0.000278,4.52061778686916
0.3432,0.2,0.025371,0.025637,-0.000265999999999999,4.51996839775055
0.344,0.2,0.025384,0.025637,-0.000253,4.51928693672706
0.3448,0.2,0.025398,0.025637,-0.000239,4.51857672947496
0.3456,0.2,0.025412,0.025637,-0.000225,4.51784111675328
0.3464,0.2,0.025427,0.025637,-0.000209999999999998,4.51708344202599
0.3472,0.2,0.025442,0.025637,-0.000195000000000001,4.51630703939282
0.348,0.2,0.025457,0.025637,-0.00018,4.51551522186304
0.3488,0.2,0.025473,0.025637,-0.000164000000000001,4.51471127000429
0.3496,0.2,0.025489,0.025637,-0.000147999999999999,4.51389842099682
0.3504,0.2,0.025505,0.025637,-0.000132,4.51307985812156
0.3512,0.2,0.02552,0.025637,-0.000116999999999999,4.51225870070825
0.352,0.2,0.025536,0.025637,-0.000101,4.51143799456777
0.3528,0.2,0.025552,0.025637,-8.50000000000017e-05,4.51062070293088
0.3536,0.2,0.025568,0.025637,-6.89999999999996e-05,4.50980969791317
0.3544,0.2,0.025584,0.025637,-5.3000000000001e-05,4.50900775252378
0.3552,0.2,0.025599,0.025637,-3.79999999999998e-05,4.50821753323357
0.356,0.2,0.025614,0.025637,-2.29999999999987e-05,4.50744159311558
0.3568,0.2,0.025629,0.025637,-8.00000000000106e-06,4.50668236556891
0.3576,0.2,0.025643,0.025637,5.99999999999906e-06,4.50594215863449
0.3584,0.2,0.025657,0.025637,1.99999999999992e-05,4.50522314990908
0.3592,0.2,0.025671,0.025637,3.39999999999993e-05,4.50452738206155
0.36,0.2,0.025684,0.025637,4.69999999999984e-05,4.50385675895319
0.3608,0.2,0.025696,0.025637,5.9e-05,4.50321304236171
0.3616,0.2,0.025708,0.025637,7.10000000000016e-05,4.50259784930615
0.3624,0.2,0.02572,0.025637,8.29999999999997e-05,4.50201264996809
0.3632,0.2,0.02573,0.025637,9.29999999999993e-05,4.50145876620212
0.364,0.2,0.025741,0.025637,0.000104,4.50093737062689
0.3648,0.2,0.02575,0.025637,0.000112999999999999,4.5004494862856
0.3656,0.2,0.025759,0.025637,0.000122000000000001,4.49999598686334
0.3664,0.2,0.025767,0.025637,0.000130000000000002,4.49957759744675
0.3672,0.2,0.025775,0.025637,0.000137999999999999,4.49919489580947
0.368,0.2,0.025781,0.025637,0.000143999999999998,4.49884831420579
0.3688,0.2,0.025787,0.025637,0.000150000000000001,4.49853814165277
0.3696,0.2,0.025793,0.025637,0.000156,4.49826452668023
0.3704,0.2,0.025797,0.025637,0.00016,4.49802748052628
0.3712,0.2,0.025801,0.025637,0.000164000000000001,4.49782688075521
0.372,0.2,0.025805,0.025637,0.000168000000000001,4.49766247527325
0.3728,0.2,0.025807,0.025637,0.00017,4.49753388671695
0.3736,0.2,0.025809,0.025637,0.000171999999999999,4.49744061718801
0.3744,0.2,0.02581,0.025637,0.000173,4.49738205330778
0.3752,0.2,0.025811,0.025637,0.000174000000000001,4.49735747156387
0.376,0.2,0.02581,0.025637,0.000173,4.49736604392146
0.3768,0.2,0.02581,0.025637,0.000173,4.49740684367064
0.3776,0.2,0.025808,0.025637,0.000171000000000001,4.49747885148188
0.3784,0.2,0.025806,0.025637,0.000168999999999999,4.49758096164119
0.3792,0.2,0.025804,0.025637,0.000167,4.49771198843646
0.38,0.2,0.0258,0.025637,0.000163,4.49787067266716
0.3808,0.2,0.025797,0.025637,0.00016,4.49805568824919
0.3816,0.2,0.025793,0.025637,0.000156,4.49826564888778
0.3824,0.2,0.025788,0.025637,0.000150999999999998,4.49849911479121
0.3832,0.2,0.025783,0.025637,0.000146,4.49875459939918
0.384,0.2,0.025778,0.025637,0.000140999999999999,4.49903057610001
0.3848,0.2,0.025772,0.025637,0.000135,4.49932548491179
0.3856,0.2,0.025766,0.025637,0.000129000000000001,4.49963773910357
0.3864,0.2,0.02576,0.025637,0.000123000000000002,4.4999657317332
0.3872,0.2,0.025753,0.025637,0.000116000000000002,4.50030784207994
0.388,0.2,0.025746,0.025637,0.000109000000000001,4.50066244195051
0.3888,0.2,0.025739,0.025637,0.000102000000000001,4.50102790183879
0.3896,0.2,0.025732,0.025637,9.50000000000013e-05,4.50140259692017
0.3904,0.2,0.025724,0.025637,8.70000000000003e-05,4.50178491286304
0.3912,0.2,0.025717,0.025637,8.00000000000002e-05,4.50217325144072
0.392,0.2,0.025709,0.025637,7.19999999999991e-05,4.50256603592906
0.3928,0.2,0.025701,0.025637,6.40000000000016e-05,4.50296171627537
0.3936,0.2,0.025693,0.025637,5.60000000000005e-05,4.50335877402621
0.3944,0.2,0.025686,0.025637,4.90000000000004e-05,4.50375572700269
0.3952,0.2,0.025678,0.025637,4.09999999999994e-05,4.5041511337133
0.396,0.2,0.02567,0.025637,3.29999999999983e-05,4.50454359749516
0.3968,0.2,0.025663,0.025637,2.59999999999982e-05,4.50493177037664
0.3976,0.2,0.025655,0.025637,1.80000000000007e-05,4.50531435665468
0.3984,0.2,0.025648,0.025637,1.10000000000006e-05,4.50569011618209
0.3992,0.2,0.025641,0.025637,4.00000000000053e-06,4.506057867361
0.4,0.2,0.025634,0.025637,-2.99999999999953e-06,4.50641648983976
