Time_s,TrueDisplacement_mm,PredictedDisplacement_mm,DisplacementError_mm,TrueCoilForce_N,PredictedCoilForce_N,CoilForceError_N,IsTrainingSample,IsValidationSample,IsTestingSample
0.0192,1.78323642855899,4.596950493740733,-2.8137140651817436,0.0793855,0.02659802378674076,0.052787476213259237,True,False,False
0.02,1.97267341474166,4.59694953333946,-2.6242761185978,0.077594,0.026598184220029658,0.05099581577997034,True,False,False
0.0208,2.16620221968277,4.596948889322208,-2.430746669639438,0.071141,0.026598292606398746,0.04454270739360125,True,False,False
0.0216,2.361805821522025,4.596948464664544,-2.2351426431425194,0.0647035,0.02659836423798426,0.03810513576201574,True,False,False
0.0224,2.56071709251891,4.596948210151176,-2.0362311176322656,0.062324,0.02659841038267605,0.035725589617323944,True,False,False
0.0232,2.76060782632094,4.596948049849939,-1.8363402235289987,0.055724,0.026598439088966874,0.02912556091103313,True,False,False
0.024,2.96059988990021,4.5969479767300765,-1.6363480868298663,0.049442,0.026598456259084746,0.022843543740915254,True,False,False
0.0248,3.15976920510699,4.596947937357842,-1.4371787322508522,0.045984,0.026598465380709868,0.01938553461929013,True,False,False
0.0256,3.35697302994293,4.596947930327087,-1.2399749003841567,0.040051,0.02659846967323934,0.013452530326760664,True,False,False
0.0264,3.55242330051089,4.596947930327087,-1.0445246298161965,0.035543,0.02659847128293789,0.008944528717062108,True,False,False
0.0272,3.74385339221945,4.59694792329633,-0.8530945310768803,0.033195,0.02659847155122098,0.006596528448779022,True,False,False
0.028,3.931392097935,4.59694792329633,-0.6655558253613303,0.028813,0.02659847155122098,0.0022145284487790177,True,False,False
0.0288,4.116040471688625,4.59694792329633,-0.4809074516077052,0.026154,0.02659847155122098,-0.0004444715512209804,True,False,False
0.0296,4.29491049756546,4.59694792329633,-0.30203742573087045,0.025428,0.02659847155122098,-0.0011704715512209814,True,False,False
0.0304,4.46894276193588,4.59694792329633,-0.12800516136045026,0.022196,0.02659847155122098,-0.00440247155122098,True,False,False
0.0312,4.63955859024707,4.59694792329633,0.042610666950739784,0.019314,0.02659847155122098,-0.007284471551220979,True,False,False
0.032,4.805392071020345,4.59694792329633,0.20844414772401443,0.0181655,0.02659847155122098,-0.00843297155122098,True,False,False
0.0328,4.96356623916917,4.59694792329633,0.3666183158728398,0.017972,0.02659847155122098,-0.008626471551220982,True,False,False
0.0336,5.11615103914749,4.596947914859423,0.519203124288067,0.015601,0.02659847155122098,-0.01099747155122098,True,False,False
0.0344,5.26489093129492,4.596947914859423,0.6679430164354967,0.01349,0.02659847155122098,-0.01310847155122098,True,False,False
0.0352,5.40836839584084,4.59694792329633,0.8114204725445102,0.0148615,0.02659847155122098,-0.011736971551220981,True,False,False
0.036,5.54420425219573,4.59694792329633,0.9472563288993996,0.016523,0.02659847155122098,-0.010075471551220981,True,False,False
0.0368,5.67479079818676,4.59694792329633,1.0778428748904298,0.014622,0.02659847155122098,-0.011976471551220981,True,False,False
0.0376,5.80178298063214,4.59694792329633,1.20483505733581,0.012837,0.02659847155122098,-0.013761471551220981,True,False,False
0.0384,5.92386573030301,4.59694792329633,1.32691780700668,0.0124785,0.02659847155122098,-0.01411997155122098,True,False,False
0.0392,6.03819443171129,4.59694792329633,1.4412465084149595,0.012329,0.02659847155122098,-0.014269471551220981,True,False,False
0.04,6.14710647473307,4.59694792329633,1.5501585514367395,0.011041,0.02659847155122098,-0.01555747155122098,True,False,False
0.0408,6.25236513804472,4.59694792329633,1.6554172147483897,0.0098609,0.02659847155122098,-0.01673757155122098,True,False,False
0.0416,6.35021510906195,4.59694792329633,1.75326718576562,0.0087974,0.02659847155122098,-0.01780107155122098,True,False,False
0.0424,6.44242753609086,4.59694792329633,1.8454796127945299,0.0078035,0.02659847155122098,-0.01879497155122098,True,False,False
0.0432,6.52895869020917,4.59694792329633,1.93201076691284,0.008238,0.02659847155122098,-0.018360471551220982,True,False,False
0.044,6.61050135925233,4.59694792329633,2.013553435956,0.0098497,0.02659847155122098,-0.01674877155122098,True,False,False
0.0448,6.68703186908559,4.59694792329633,2.09008394578926,0.0091,0.02659847155122098,-0.01749847155122098,True,False,False
0.0456,6.76021335737718,4.59694792329633,2.1632654340808495,0.0083834,0.02659847155122098,-0.01821507155122098,True,False,False
0.0464,6.82668688614433,4.59694792329633,2.2297389628479998,0.0077322,0.02659847155122098,-0.018866271551220982,True,False,False
0.0472,6.88813194379194,4.59694792329633,2.29118402049561,0.0071295,0.02659847155122098,-0.01946897155122098,True,False,False
0.048,6.94456250128479,4.59694792329633,2.34761457798846,0.0065755,0.02659847155122098,-0.02002297155122098,True,False,False
0.0488,6.99600139709196,4.59694792329633,2.3990534737956297,0.0060705,0.02659847155122098,-0.02052797155122098,True,False,False
0.0496,7.04248024159878,4.596947914859423,2.4455323267393574,0.0056151,0.02659847155122098,-0.02098337155122098,True,False,False
0.0504,7.085669080108126,4.596947914859423,2.4887211652487027,0.0063604,0.02659847155122098,-0.020238071551220982,True,False,False
0.0512,7.12292081093374,4.59694792329633,2.52597288763741,0.0079402,0.02659847155122098,-0.018658271551220983,True,False,False
0.052,7.15592092817124,4.59694792329633,2.55897300487491,0.0076197,0.02659847155122098,-0.01897877155122098,True,False,False
0.0528,7.18610741352156,4.59694792329633,2.5891594902252297,0.0073356,0.02659847155122098,-0.01926287155122098,True,False,False
0.0536,7.2107384839463,4.59694792329633,2.61379056064997,0.0071101,0.02659847155122098,-0.01948837155122098,True,False,False
0.0544,7.2312836795978,4.59694792329633,2.6343357563014695,0.006926,0.02659847155122098,-0.019672471551220982,True,False,False
0.0552,7.24781148316841,4.59694792329633,2.6508635598720796,0.0067805,0.02659847155122098,-0.019817971551220982,True,False,False
0.056,7.26169308042337,4.59694792329633,2.66474515712704,0.0066599,0.02659847155122098,-0.01993857155122098,True,False,False
0.0568,7.27209109178447,4.59694792329633,2.67514316848814,0.0065706,0.02659847155122098,-0.02002787155122098,True,False,False
0.0576,7.27877723635318,4.59694792329633,2.6818293130568502,0.0065136,0.02659847155122098,-0.020084871551220983,True,False,False
0.0584,7.28173017012647,4.59694792329633,2.6847822468301397,0.0064885,0.02659847155122098,-0.02010997155122098,True,False,False
0.0592,7.2810005758773,4.59694792329633,2.68405265258097,0.0064948,0.02659847155122098,-0.020103671551220982,True,False,False
0.06,7.27666581351621,4.59694792329633,2.67971789021988,0.0065318,0.02659847155122098,-0.02006667155122098,True,False,False
0.0608,7.26881460097607,4.59694792329633,2.6718666776797395,0.006599,0.02659847155122098,-0.01999947155122098,True,False,False
0.0616,7.25754178494859,4.59694792329633,2.66059386165226,0.0066963,0.02659847155122098,-0.019902171551220982,True,False,False
0.0624,7.24294652362864,4.59694792329633,2.6459986003323097,0.0068237,0.02659847155122098,-0.019774771551220982,True,False,False
0.0632,7.2251316463505,4.59694792329633,2.6281837230541703,0.0069814,0.02659847155122098,-0.019617071551220982,True,False,False
0.064,7.20420344252929,4.59694792329633,2.60725551923296,0.0071702,0.02659847155122098,-0.019428271551220982,True,False,False
0.0648,7.18027162912974,4.59694792329633,2.5833237058334095,0.0073908,0.02659847155122098,-0.01920767155122098,True,False,False
0.0656,7.15344940993166,4.596947914859423,2.5565014950722373,0.0076444,0.02659847155122098,-0.01895407155122098,True,False,False
0.0664,7.12385359160737,4.596947914859423,2.5269056767479467,0.0079322,0.02659847155122098,-0.01866627155122098,True,False,False
0.0672,7.09160473511781,4.59694792329633,2.4946568118214802,0.0082557,0.02659847155122098,-0.01834277155122098,True,False,False
0.068,7.05682732128392,4.59694792329633,2.4598793979875895,0.0086163,0.02659847155122098,-0.01798217155122098,True,False,False
0.0688,7.0196499054102,4.59694792329633,2.4227019821138702,0.0090153,0.02659847155122098,-0.01758317155122098,True,False,False
0.0696,6.98020523096372,4.59694792329633,2.3832573076673897,0.0094535,0.02659847155122098,-0.01714497155122098,True,False,False
0.0704,6.93863026829414,4.59694792329633,2.3416823449978095,0.0099311,0.02659847155122098,-0.01666737155122098,True,False,False
0.0712,6.89506614252242,4.59694792329633,2.2981182192260894,0.010448,0.02659847155122098,-0.016150471551220978,True,False,False
0.072,6.84965791629144,4.59694792329633,2.2527099929951095,0.011002,0.02659847155122098,-0.015596471551220981,True,False,False
0.0728,6.80255419925213,4.59694792329633,2.2056062759558,0.011591,0.02659847155122098,-0.01500747155122098,True,False,False
0.0736,6.75390656775022,4.59694792329633,2.1569586444538897,0.012212,0.02659847155122098,-0.01438647155122098,True,False,False
0.0744,6.70386879499297,4.59694792329633,2.10692087169664,0.012859,0.02659847155122098,-0.01373947155122098,True,False,False
0.0752,6.65259591228151,4.59694792329633,2.0556479889851795,0.013527,0.02659847155122098,-0.01307147155122098,True,False,False
0.076,6.60024314227106,4.59694792329633,2.0032952189747295,0.01421,0.02659847155122098,-0.01238847155122098,True,False,False
0.0768,6.54696476121741,4.59694792329633,1.9500168379210798,0.014901,0.02659847155122098,-0.011697471551220981,True,False,False
0.0776,6.49291295473796,4.59694792329633,1.89596503144163,0.015594,0.02659847155122098,-0.01100447155122098,True,False,False
0.0784,6.43823672874343,4.59694792329633,1.8412888054470997,0.015312,0.02659847155122098,-0.011286471551220981,True,False,False
0.0792,6.38180913501756,4.59694792329633,1.7848612117212301,0.011088,0.02659847155122098,-0.01551047155122098,True,False,False
0.08,6.32410745518627,4.59694792329633,1.7271595318899395,0.011788,0.02659847155122098,-0.01481047155122098,True,False,False
0.0808,6.26563221284843,4.59694792329633,1.6686842895520995,0.012532,0.02659847155122098,-0.01406647155122098,True,False,False
0.0816,6.20584157173783,4.596947914859423,1.608893656878407,0.013327,0.02659847155122098,-0.01327147155122098,True,False,False
0.0824,6.14530106343568,4.596947914859423,1.5483531485762567,0.014164,0.02659847155122098,-0.012434471551220981,True,False,False
0.0832,6.08419228841933,4.59694792329633,1.4872443651229998,0.015039,0.02659847155122098,-0.01155947155122098,True,False,False
0.084,6.0226983541892,4.59694792329633,1.4257504308928697,0.015944,0.02659847155122098,-0.01065447155122098,True,False,False
0.0848,5.96100229792105,4.59694792329633,1.36405437462472,0.016872,0.02659847155122098,-0.009726471551220979,True,False,False
0.0856,5.89928537110983,4.59694792329633,1.3023374478134997,0.017813,0.02659847155122098,-0.008785471551220982,True,False,False
0.0864,5.83772530892178,4.59694792329633,1.2407773856254503,0.0177,0.02659847155122098,-0.00889847155122098,True,False,False
0.0872,5.7756233595037,4.59694792329633,1.17867543620737,0.015052,0.02659847155122098,-0.011546471551220981,True,False,False
0.088,5.71316241769433,4.59694792329633,1.1162144943980001,0.015959,0.02659847155122098,-0.01063947155122098,True,False,False
0.0888,5.65054395378672,4.59694792329633,1.0535960304903895,0.016888,0.02659847155122098,-0.00971047155122098,True,False,False
0.0896,5.58785360781027,4.59694792329633,0.9909056845139395,0.017836,0.02659847155122098,-0.00876247155122098,True,False,False
0.0904,5.5253499738496,4.59694792329633,0.9284020505532702,0.018796,0.02659847155122098,-0.00780247155122098,True,False,False
0.0912,5.46320984706712,4.59694792329633,0.8662619237707903,0.019762,0.02659847155122098,-0.006836471551220982,True,False,False
0.092,5.40160588397708,4.59694792329633,0.8046579606807498,0.020728,0.02659847155122098,-0.005870471551220981,True,False,False
0.0928,5.34070554843933,4.59694792329633,0.743757625143,0.021688,0.02659847155122098,-0.004910471551220982,True,False,False
0.0936,5.28067017460737,4.59694792329633,0.6837222513110399,0.022637,0.02659847155122098,-0.00396147155122098,True,False,False
0.0944,5.22165418969177,4.59694792329633,0.6247062663954397,0.023568,0.02659847155122098,-0.003030471551220982,True,False,False
0.0952,5.163804508761885,4.59694792329633,0.5668565854655547,0.0229665,0.02659847155122098,-0.0036319715512209798,True,False,False
0.096,5.10629938370036,4.59694792329633,0.5093514604040301,0.020243,0.02659847155122098,-0.00635547155122098,True,False,False
0.0968,5.04930595910615,4.59694792329633,0.45235803580982026,0.021177,0.02659847155122098,-0.005421471551220979,True,False,False
0.0976,4.99272837084113,4.596947914859423,0.39578045598170686,0.022131,0.02659847155122098,-0.004467471551220979,True,False,False
0.0984,4.93720210447337,4.596947914859423,0.3402541896139466,0.023088,0.02659847155122098,-0.0035104715512209797,True,False,False
0.0992,4.88267916953122,4.59694792329633,0.28573124623488955,0.024046,0.02659847155122098,-0.002552471551220979,True,False,False
0.1,4.82931459314365,4.59694792329633,0.23236666984731968,0.024999,0.02659847155122098,-0.0015994715512209802,True,False,False
0.1008,4.77725738737011,4.59694792329633,0.18030946407377968,0.025938,0.02659847155122098,-0.0006604715512209813,True,False,False
0.1016,4.72664956959686,4.59694792329633,0.12970164630052938,0.026859,0.02659847155122098,0.00026052844877902034,True,False,False
0.1024,4.6776253460308,4.59694792329633,0.0806774227344702,0.027756,0.02659847155122098,0.0011575284487790188,True,False,False
0.1032,4.63031046881751,4.59694792329633,0.033362545521179676,0.028624,0.02659847155122098,0.0020255284487790196,True,False,False
0.104,4.58482176086247,4.59694792329633,-0.012126162433860443,0.029461,0.02659847155122098,0.0028625284487790205,True,False,False
0.1048,4.54126678997942,4.59694792329633,-0.05568113331691027,0.030263,0.02659847155122098,0.003664528448779021,True,False,False
0.1056,4.49974366676023,4.59694792329633,-0.09720425653610043,0.030151999999999998,0.02659847155122098,0.0035535284487790177,True,False,False
0.1064,4.45936713636438,4.59694792329633,-0.13758078693195053,0.026561,0.02659847155122098,-3.747155122097931e-05,True,False,False
0.1072,4.42025804629284,4.59694792329633,-0.17668987700348993,0.027349,0.02659847155122098,0.0007505284487790177,True,False,False
0.108,4.38204661435952,4.59694792329633,-0.2149013089368106,0.028134,0.02659847155122098,0.0015355284487790187,True,False,False
0.1088,4.34578018087032,4.59694792329633,-0.25116774242601014,0.028895,0.02659847155122098,0.00229652844877902,True,False,False
0.1096,4.31111376231118,4.59694792329633,-0.28583416098515,0.029636,0.02659847155122098,0.0030375284487790186,True,False,False
0.1104,4.27814426528441,4.59694792329633,-0.31880365801192045,0.030353,0.02659847155122098,0.003754528448779021,True,False,False
0.1112,4.24696105476473,4.59694792329633,-0.3499868685315999,0.031041,0.02659847155122098,0.0044425284487790186,True,False,False
0.112,4.21764539219244,4.59694792329633,-0.3793025311038898,0.031698,0.02659847155122098,0.005099528448779016,True,False,False
0.1128,4.19026993204998,4.59694792329633,-0.40667799124635007,0.032319,0.02659847155122098,0.00572052844877902,True,False,False
0.1136,4.16489829058061,4.596947914859423,-0.43204962427881277,0.032901,0.02659847155122098,0.006302528448779019,True,False,False
0.1144,4.14158469594225,4.596947914859423,-0.4553632189171726,0.03344,0.02659847155122098,0.006841528448779017,True,False,False
0.1152,4.12037372487684,4.59694792329633,-0.47657419841949,0.033935,0.02659847155122098,0.007336528448779019,True,False,False
0.116,4.10130012727567,4.59694792329633,-0.49564779602066,0.034384,0.02659847155122098,0.007785528448779017,True,False,False
0.1168,4.08438873704884,4.59694792329633,-0.5125591862474899,0.034783,0.02659847155122098,0.00818452844877902,True,False,False
0.1176,4.06965446553092,4.59694792329633,-0.5272934577654098,0.035133,0.02659847155122098,0.008534528448779017,True,False,False
0.1184,4.05710237223305,4.59694792329633,-0.53984555106328,0.035432,0.02659847155122098,0.008833528448779018,True,False,False
0.1192,4.04672780696996,4.59694792329633,-0.5502201163263702,0.03568,0.02659847155122098,0.009081528448779023,True,False,False
0.12,4.03851661710519,4.59694792329633,-0.5584313061911406,0.035877,0.02659847155122098,0.009278528448779019,True,False,False
0.1208,4.03244541372353,4.59694792329633,-0.5645025095728,0.036023,0.02659847155122098,0.009424528448779019,True,False,False
0.1216,4.02848189083053,4.59694792329633,-0.5684660324657997,0.036118,0.02659847155122098,0.009519528448779017,True,False,False
0.1224,4.0265851920894,4.59694792329633,-0.5703627312069299,0.036163,0.02659847155122098,0.00956452844877902,True,False,False
0.1232,4.0267063200613,4.59694792329633,-0.5702416032350301,0.03616,0.02659847155122098,0.009561528448779017,True,False,False
0.124,4.02878858335855,4.59694792329633,-0.5681593399377798,0.03611,0.02659847155122098,0.009511528448779023,True,False,False
0.1248,4.03276807751425,4.59694792329633,-0.5641798457820801,0.036015,0.02659847155122098,0.009416528448779018,True,False,False
0.1256,4.03857419569103,4.59694792329633,-0.5583737276053,0.035875,0.02659847155122098,0.009276528448779017,True,False,False
0.1264,4.0461301655798,4.59694792329633,-0.5508177577165299,0.035694,0.02659847155122098,0.009095528448779016,True,False,False
0.1272,4.05535360896607,4.59694792329633,-0.5415943143302604,0.035474,0.02659847155122098,0.008875528448779018,True,False,False
0.128,4.06615712046445,4.59694792329633,-0.5307908028318797,0.035216,0.02659847155122098,0.008617528448779017,True,False,False
0.1288,4.07797381931457,4.59694792329633,-0.5189741039817601,0.034935,0.02659847155122098,0.00833652844877902,True,False,False
0.1296,4.09108619655797,4.596947914859423,-0.5058617183014533,0.034624,0.02659847155122098,0.008025528448779021,True,False,False
0.1304,4.1055265887537,4.596947914859423,-0.49142132610572276,0.034284,0.02659847155122098,0.007685528448779021,True,False,False
0.1312,4.12124038672463,4.59694792329633,-0.47570753657169984,0.033915,0.02659847155122098,0.00731652844877902,True,False,False
0.132,4.13814170319925,4.59694792329633,-0.45880622009708016,0.03352,0.02659847155122098,0.006921528448779021,True,False,False
0.1328,4.1561326209184,4.59694792329633,-0.44081530237793043,0.033102,0.02659847155122098,0.006503528448779019,True,False,False
0.1336,4.17511011306804,4.59694792329633,-0.4218378102282898,0.032665,0.02659847155122098,0.006066528448779019,True,False,False
0.1344,4.19496878893748,4.59694792329633,-0.40197913435885013,0.032211,0.02659847155122098,0.005612528448779016,True,False,False
0.1352,4.21560221939357,4.59694792329633,-0.38134570390276057,0.031743,0.02659847155122098,0.00514452844877902,True,False,False
0.136,4.23690376965187,4.59694792329633,-0.3600441536444601,0.031265,0.02659847155122098,0.0046665284487790205,True,False,False
0.1368,4.25876724893742,4.59694792329633,-0.3381806743589104,0.030779,0.02659847155122098,0.00418052844877902,True,False,False
0.1376,4.28108747802188,4.59694792329633,-0.31586044527445,0.030287,0.02659847155122098,0.003688528448779021,True,False,False
0.1384,4.30376080556099,4.59694792329633,-0.29318711773534023,0.029794,0.02659847155122098,0.0031955284487790205,True,False,False
0.1392,4.32668558104456,4.59694792329633,-0.2702623422517698,0.029301,0.02659847155122098,0.00270252844877902,True,False,False
0.14,4.34976258502093,4.59694792329633,-0.24718533827540057,0.02881,0.02659847155122098,0.0022115284487790182,True,False,False
0.1408,4.37289541556031,4.59694792329633,-0.2240525077360198,0.028324,0.02659847155122098,0.001725528448779018,True,False,False
0.1416,4.3959908300839,4.59694792329633,-0.2009570932124305,0.027845,0.02659847155122098,0.0012465284487790211,True,False,False
0.1424,4.41895904245099,4.59694792329633,-0.17798888084533981,0.027374,0.02659847155122098,0.0007755284487790184,True,False,False
0.1432,4.44171397610153,4.59694792329633,-0.15523394719479988,0.026913,0.02659847155122098,0.00031452844877901884,True,False,False
0.144,4.46417347491063,4.59694792329633,-0.13277444838570052,0.026464,0.02659847155122098,-0.00013447155122097917,True,False,False
0.1448,4.48625947414045,4.59694792329633,-0.11068844915588016,0.026028,0.02659847155122098,-0.0005704715512209815,True,False,False
0.1456,4.5078981344376,4.596947914859423,-0.08904978042182332,0.025605,0.02659847155122098,-0.0009934715512209813,True,False,False
0.1464,4.52901994220807,4.596947914859423,-0.06792797265135331,0.025196,0.02659847155122098,-0.001402471551220981,True,False,False
0.1472,4.54955977990995,4.59694792329633,-0.047388143386379866,0.024803,0.02659847155122098,-0.001795471551220982,True,False,False
0.148,4.56945696985401,4.59694792329633,-0.02749095344232,0.024427,0.02659847155122098,-0.00217147155122098,True,False,False
0.1488,4.58865529501307,4.59694792329633,-0.00829262828326005,0.024066,0.02659847155122098,-0.00253247155122098,True,False,False
0.1496,4.60710300014,4.59694792329633,0.01015507684367023,0.023723,0.02659847155122098,-0.0028754715512209796,True,False,False
0.1504,4.62475277620841,4.59694792329633,0.027804852912080236,0.023397,0.02659847155122098,-0.0032014715512209795,True,False,False
0.1512,4.64156173084497,4.59694792329633,0.04461380754863953,0.023089,0.02659847155122098,-0.003509471551220982,True,False,False
0.152,4.65749134704366,4.59694792329633,0.06054342374732968,0.022798,0.02659847155122098,-0.0038004715512209818,True,False,False
0.1528,4.67250743206254,4.59694792329633,0.07555950876620976,0.022527,0.02659847155122098,-0.004071471551220982,True,False,False
0.1536,4.68658005802263,4.59694792329633,0.08963213472629938,0.022273,0.02659847155122098,-0.0043254715512209795,True,False,False
0.1544,4.69968349537232,4.59694792329633,0.10273557207599016,0.022038,0.02659847155122098,-0.004560471551220982,True,False,False
0.1552,4.71179614006392,4.59694792329633,0.11484821676758994,0.021822,0.02659847155122098,-0.0047764715512209795,True,False,False
0.156,4.72290043501927,4.59694792329633,0.12595251172293942,0.021624,0.02659847155122098,-0.00497447155122098,True,False,False
0.1568,4.73298278624475,4.59694792329633,0.13603486294841982,0.021445,0.02659847155122098,-0.005153471551220982,True,False,False
0.1576,4.74203347379348,4.59694792329633,0.14508555049715,0.021285,0.02659847155122098,-0.005313471551220982,True,False,False
0.1584,4.7500465576625,4.59694792329633,0.15309863436617022,0.021144,0.02659847155122098,-0.005454471551220981,True,False,False
0.1592,4.75701977864831,4.59694792329633,0.16007185535197976,0.021021,0.02659847155122098,-0.005577471551220979,True,False,False
0.16,4.76295445416102,4.59694792329633,0.16600653086468942,0.020916,0.02659847155122098,-0.00568247155122098,True,False,False
0.1608,4.76785536900386,4.59694792329633,0.17090744570753014,0.02083,0.02659847155122098,-0.005768471551220979,True,False,False
0.1616,4.77173066115659,4.596947914859423,0.17478274629716672,0.020762,0.02659847155122098,-0.005836471551220981,True,False,False
0.1624,4.77459170264623,4.596947914859423,0.17764378778680712,0.020712,0.02659847155122098,-0.005886471551220979,True,False,False
0.1632,4.7764529756442,4.59694792329633,0.17950505234786984,0.02068,0.02659847155122098,-0.00591847155122098,True,False,False
0.164,4.77733194398594,4.59694792329633,0.18038402068961013,0.020664,0.02659847155122098,-0.005934471551220982,True,False,False
0.1648,4.7772489203661,4.59694792329633,0.18030099706976976,0.020666,0.02659847155122098,-0.00593247155122098,True,False,False
0.1656,4.77622692951492,4.59694792329633,0.1792790062185894,0.020684,0.02659847155122098,-0.00591447155122098,True,False,False
0.1664,4.77429156770818,4.59694792329633,0.1773436444118497,0.020718,0.02659847155122098,-0.00588047155122098,True,False,False
0.1672,4.77147085900199,4.59694792329633,0.17452293570566013,0.020767,0.02659847155122098,-0.00583147155122098,True,False,False
0.168,4.76779510861559,4.59694792329633,0.1708471853192597,0.020832,0.02659847155122098,-0.005766471551220981,True,False,False
0.1688,4.76329675390759,4.59694792329633,0.16634883061125993,0.020911,0.02659847155122098,-0.0056874715512209816,True,False,False
0.1696,4.75801021340499,4.59694792329633,0.16106229010866002,0.021004,0.02659847155122098,-0.005594471551220982,True,False,False
0.1704,4.75197173434915,4.59694792329633,0.15502381105281948,0.02111,0.02659847155122098,-0.00548847155122098,True,False,False
0.1712,4.74521923921787,4.59694792329633,0.14827131592153986,0.021229,0.02659847155122098,-0.005369471551220979,True,False,False
0.172,4.73779217166893,4.59694792329633,0.14084424837260023,0.02136,0.02659847155122098,-0.00523847155122098,True,False,False
0.1728,4.72973134232693,4.59694792329633,0.13278341903059943,0.021503,0.02659847155122098,-0.005095471551220979,True,False,False
0.1736,4.72107877480382,4.59694792329633,0.12413085150748948,0.021657,0.02659847155122098,-0.004941471551220981,True,False,False
0.1744,4.71187755230424,4.59694792329633,0.11492962900790982,0.021821,0.02659847155122098,-0.0047774715512209805,True,False,False
0.1752,4.70217166512189,4.59694792329633,0.10522374182555971,0.021994,0.02659847155122098,-0.004604471551220981,True,False,False
0.176,4.69200585928452,4.59694792329633,0.09505793598818979,0.022176,0.02659847155122098,-0.004422471551220979,True,False,False
0.1768,4.68142548655467,4.59694792329633,0.0844775632583401,0.022366,0.02659847155122098,-0.00423247155122098,True,False,False
0.1776,4.67047635594517,4.596947914859423,0.07352844108574708,0.022564,0.02659847155122098,-0.00403447155122098,True,False,False
0.1784,4.65920458686329,4.596947914859423,0.06225667200386731,0.022768,0.02659847155122098,-0.0038304715512209805,True,False,False
0.1792,4.64765646396032,4.59694792329633,0.05070854066399022,0.022978,0.02659847155122098,-0.003620471551220982,True,False,False
0.18,4.63587829373433,4.59694792329633,0.03893037043799996,0.023193,0.02659847155122098,-0.0034054715512209822,True,False,False
0.1808,4.62391626291719,4.59694792329633,0.02696833962085954,0.023413,0.02659847155122098,-0.003185471551220981,True,False,False
0.1816,4.61181629867169,4.59694792329633,0.01486837537536001,0.023636,0.02659847155122098,-0.00296247155122098,True,False,False
0.1824,4.59962393063252,4.59694792329633,0.0026760073361895564,0.023862,0.02659847155122098,-0.0027364715512209793,True,False,False
0.1832,4.58738415484662,4.59694792329633,-0.009563768449710075,0.02409,0.02659847155122098,-0.0025084715512209803,True,False,False
0.184,4.57514129970044,4.59694792329633,-0.02180662359589025,0.02432,0.02659847155122098,-0.0022784715512209792,True,False,False
0.1848,4.5629388939663,4.59694792329633,-0.03400902933003014,0.02455,0.02659847155122098,-0.0020484715512209817,True,False,False
0.1856,4.5508195371518,4.59694792329633,-0.046128386144530076,0.02478,0.02659847155122098,-0.0018184715512209806,True,False,False
0.1864,4.53882477239519,4.59694792329633,-0.05812315090113973,0.025009,0.02659847155122098,-0.0015894715512209806,True,False,False
0.1872,4.52699496221198,4.59694792329633,-0.06995296108435056,0.025236,0.02659847155122098,-0.001362471551220979,True,False,False
0.188,4.51536916746139,4.59694792329633,-0.0815787558349399,0.02546,0.02659847155122098,-0.0011384715512209806,True,False,False
0.1888,4.50398502996253,4.59694792329633,-0.09296289333379981,0.025681,0.02659847155122098,-0.0009174715512209816,True,False,False
0.1896,4.49287865924689,4.59694792329633,-0.10406926404944006,0.025898,0.02659847155122098,-0.0007004715512209797,True,False,False
0.1904,4.48208452398343,4.59694792329633,-0.1148633993128998,0.02611,0.02659847155122098,-0.0004884715512209793,True,False,False
0.1912,4.47163534865223,4.59694792329633,-0.1253125746441004,0.026317,0.02659847155122098,-0.00028147155122098047,True,False,False
0.192,4.46156201607181,4.59694792329633,-0.13538590722451982,0.026517,0.02659847155122098,-8.147155122098168e-05,True,False,False
0.1928,4.45189347640121,4.59694792329633,-0.14505444689512004,0.02671,0.02659847155122098,0.00011152844877902052,True,False,False
0.1936,4.44265666324027,4.596947914859423,-0.1542912516191528,0.026895,0.02659847155122098,0.0002965284487790182,True,False,False
0.1944,4.43387641744029,4.596947914859423,-0.16307149741913296,0.027072,0.02659847155122098,0.00047352844877901826,True,False,False
0.1952,4.42557541921145,4.59694792329633,-0.17137250408488036,0.02724,0.02659847155122098,0.0006415284487790197,True,False,False
0.196,4.41777412907511,4.59694792329633,-0.17917379422121993,0.027399,0.02659847155122098,0.0008005284487790192,True,False,False
0.1968,4.41049073815731,4.59694792329633,-0.18645718513902043,0.027548,0.02659847155122098,0.000949528448779019,True,False,False
0.1976,4.40374112825813,4.59694792329633,-0.1932067950382006,0.027686,0.02659847155122098,0.0010875284487790182,True,False,False
0.1984,4.39753884205968,4.59694792329633,-0.19940908123665047,0.027813,0.02659847155122098,0.0012145284487790203,True,False,False
0.1992,4.39189506375632,4.59694792329633,-0.20505285954001007,0.02793,0.02659847155122098,0.0013315284487790194,True,False,False
0.2,4.38681861030582,4.59694792329633,-0.2101293129905102,0.028035,0.02659847155122098,0.0014365284487790203,True,False,False
0.2008,4.38231593341136,4.59694792329633,-0.21463198988497023,0.028128,0.02659847155122098,0.0015295284487790196,True,False,False
0.2016,4.37839113225344,4.59694792329633,-0.21855679104289027,0.02821,0.02659847155122098,0.0016115284487790184,True,False,False
0.2024,4.37504597690014,4.59694792329633,-0.22190194639618976,0.02828,0.02659847155122098,0.001681528448779019,True,False,False
0.2032,4.37227994223416,4.59694792329633,-0.22466798106217034,0.028337,0.02659847155122098,0.0017385284487790205,True,False,False
0.204,4.37009025214883,4.59694792329633,-0.2268576711475001,0.028383,0.02659847155122098,0.001784528448779018,True,False,False
0.2048,4.36847193368235,4.59694792329633,-0.22847598961398052,0.028417,0.02659847155122098,0.0018185284487790207,True,False,False
0.2056,4.36741788068157,4.59694792329633,-0.22953004261476018,0.028439,0.02659847155122098,0.0018405284487790184,True,False,False
0.2064,4.36691892651541,4.59694792329633,-0.23002899678091993,0.028449,0.02659847155122098,0.001850528448779018,True,False,False
0.2072,4.36696392529222,4.59694792329633,-0.2299839980041103,0.028448,0.02659847155122098,0.0018495284487790205,True,False,False
0.208,4.36753984097736,4.59694792329633,-0.22940808231897059,0.028436,0.02659847155122098,0.0018375284487790189,True,False,False
0.2088,4.36863184375648,4.59694792329633,-0.22831607953984978,0.028414,0.02659847155122098,0.0018155284487790177,True,False,False
0.2096,4.37022341294678,4.596947914859423,-0.22672450191264293,0.02838,0.02659847155122098,0.0017815284487790184,True,False,False
0.2104,4.37229644572331,4.596947914859423,-0.22465146913611278,0.028337,0.02659847155122098,0.0017385284487790205,True,False,False
0.2112,4.37483137089988,4.59694792329633,-0.22211655239645012,0.028284,0.02659847155122098,0.0016855284487790195,True,False,False
0.212,4.37780726698502,4.59694792329633,-0.21914065631131052,0.028222,0.02659847155122098,0.00162352844877902,True,False,False
0.2128,4.38120198372171,4.59694792329633,-0.21574593957461996,0.028151,0.02659847155122098,0.0015525284487790184,True,False,False
0.2136,4.38499226631628,4.59694792329633,-0.21195565698005048,0.028073,0.02659847155122098,0.0014745284487790201,True,False,False
0.2144,4.38915388156554,4.59694792329633,-0.2077940417307902,0.027986,0.02659847155122098,0.0013875284487790199,True,False,False
0.2152,4.39366174510282,4.59694792329633,-0.20328617819351003,0.027893,0.02659847155122098,0.0012945284487790205,True,False,False
0.216,4.39849004900213,4.59694792329633,-0.19845787429420003,0.027794,0.02659847155122098,0.0011955284487790187,True,False,False
0.2168,4.40361238900442,4.59694792329633,-0.19333553429191053,0.027688,0.02659847155122098,0.0010895284487790202,True,False,False
0.2176,4.40900189066157,4.59694792329633,-0.18794603263475995,0.027578,0.02659847155122098,0.0009795284487790178,True,False,False
0.2184,4.41463133373044,4.59694792329633,-0.18231658956589047,0.027463,0.02659847155122098,0.0008645284487790207,True,False,False
0.2192,4.42047327419088,4.59694792329633,-0.17647464910545008,0.027344,0.02659847155122098,0.0007455284487790197,True,False,False
0.22,4.42650016330801,4.59694792329633,-0.1704477599883205,0.027221,0.02659847155122098,0.0006225284487790181,True,False,False
0.2208,4.43268446320818,4.59694792329633,-0.16426346008814985,0.027096,0.02659847155122098,0.000497528448779018,True,False,False
0.2216,4.43899875848989,4.59694792329633,-0.15794916480643995,0.026968,0.02659847155122098,0.00036952844877901833,True,False,False
0.2224,4.44541586344494,4.59694792329633,-0.15153205985139007,0.026839,0.02659847155122098,0.0002405284487790177,True,False,False
0.2232,4.45190892451941,4.59694792329633,-0.14503899877692028,0.026709,0.02659847155122098,0.00011052844877901952,True,False,False
0.224,4.45845151769883,4.59694792329633,-0.13849640559750043,0.026578,0.02659847155122098,-2.0471551220979656e-05,True,False,False
0.2248,4.46501774055556,4.59694792329633,-0.13193018274076973,0.026448,0.02659847155122098,-0.0001504715512209813,True,False,False
0.2256,4.47158229874881,4.596947914859423,-0.1253656161106127,0.026317,0.02659847155122098,-0.00028147155122098047,True,False,False
0.2264,4.47812058681796,4.596947914859423,-0.1188273280414629,0.026188,0.02659847155122098,-0.0004104715512209811,True,False,False
0.2272,4.4846087631573,4.59694792329633,-0.11233916013903045,0.02606,0.02659847155122098,-0.0005384715512209808,True,False,False
0.228,4.49102381910438,4.59694792329633,-0.10592410419195009,0.025934,0.02659847155122098,-0.0006644715512209819,True,False,False
0.2288,4.49734364211529,4.59694792329633,-0.09960428118104048,0.025811,0.02659847155122098,-0.00078747155122098,True,False,False
0.2296,4.50354707303692,4.59694792329633,-0.09340085025941036,0.02569,0.02659847155122098,-0.0009084715512209796,True,False,False
0.2304,4.50961395751924,4.59694792329633,-0.0873339657770904,0.025572,0.02659847155122098,-0.0010264715512209796,True,False,False
0.2312,4.51552519164011,4.59694792329633,-0.08142273165621994,0.025457,0.02659847155122098,-0.0011414715512209801,True,False,False
0.232,4.52126276184026,4.59694792329633,-0.07568516145606985,0.025346,0.02659847155122098,-0.0012524715512209801,True,False,False
0.2328,4.52680977928733,4.59694792329633,-0.07013814400900031,0.025239,0.02659847155122098,-0.0013594715512209796,True,False,False
0.2336,4.53215050880642,4.59694792329633,-0.06479741448991039,0.025137,0.02659847155122098,-0.001461471551220981,True,False,False
0.2344,4.53727039252893,4.59694792329633,-0.059677530767400455,0.025038,0.02659847155122098,-0.0015604715512209794,True,False,False
0.2352,4.54215606842326,4.59694792329633,-0.05479185487306992,0.024945,0.02659847155122098,-0.0016534715512209822,True,False,False
0.236,4.54679538388032,4.59694792329633,-0.05015253941601028,0.024856,0.02659847155122098,-0.001742471551220981,True,False,False
0.2368,4.55117740453332,4.59694792329633,-0.045770518763010415,0.024773,0.02659847155122098,-0.0018254715512209807,True,False,False
0.2376,4.55529241849628,4.59694792329633,-0.0416555048000502,0.024695,0.02659847155122098,-0.001903471551220979,True,False,False
0.2384,4.55913193620873,4.59694792329633,-0.037815987087600256,0.024622,0.02659847155122098,-0.001976471551220979,True,False,False
0.2392,4.56268868607588,4.59694792329633,-0.03425923722044999,0.024555,0.02659847155122098,-0.00204347155122098,True,False,False
0.24,4.56595660609441,4.59694792329633,-0.030991317201920054,0.024493,0.02659847155122098,-0.0021054715512209797,True,False,False
0.2408,4.56893083165331,4.59694792329633,-0.028017091643020464,0.024437,0.02659847155122098,-0.00216147155122098,True,False,False
0.2416,4.57160767969903,4.596947914859423,-0.0253402351603933,0.024386,0.02659847155122098,-0.002212471551220979,True,False,False
0.2424,4.57398462945233,4.596947914859423,-0.02296328540709336,0.024342,0.02659847155122098,-0.0022564715512209815,True,False,False
0.2432,4.57606029986301,4.59694792329633,-0.02088762343332018,0.024303,0.02659847155122098,-0.002295471551220979,True,False,False
0.244,4.57783442398658,4.59694792329633,-0.019113499309749926,0.024269,0.02659847155122098,-0.0023294715512209817,True,False,False
0.2448,4.57930782046519,4.59694792329633,-0.017640102831140148,0.024242,0.02659847155122098,-0.002356471551220981,True,False,False
0.2456,4.58048236229286,4.59694792329633,-0.01646556100347052,0.024219,0.02659847155122098,-0.0023794715512209796,True,False,False
0.2464,4.58136094304337,4.59694792329633,-0.015586980252960458,0.024203,0.02659847155122098,-0.0023954715512209818,True,False,False
0.2472,4.5819474407367,4.59694792329633,-0.015000482559630157,0.024192,0.02659847155122098,-0.002406471551220979,True,False,False
0.248,4.58224667951824,4.59694792329633,-0.01470124377808979,0.024186,0.02659847155122098,-0.0024124715512209814,True,False,False
0.2488,4.58226438932274,4.59694792329633,-0.014683533973590457,0.024186,0.02659847155122098,-0.0024124715512209814,True,False,False
0.2496,4.58200716369304,4.59694792329633,-0.014940759603289777,0.024191,0.02659847155122098,-0.00240747155122098,True,False,False
0.2504,4.58148241592158,4.59694792329633,-0.015465507374750054,0.024201,0.02659847155122098,-0.0023974715512209803,True,False,False
0.2512,4.58069833368063,4.59694792329633,-0.016249589615700444,0.024215,0.02659847155122098,-0.00238347155122098,True,False,False
0.252,4.5796638323052,4.59694792329633,-0.017284090991130263,0.024235,0.02659847155122098,-0.002363471551220981,True,False,False
0.2528,4.57838850689054,4.59694792329633,-0.018559416405790508,0.024259,0.02659847155122098,-0.0023394715512209813,True,False,False
0.2536,4.57688258336381,4.59694792329633,-0.020065339932520132,0.024287,0.02659847155122098,-0.002311471551220981,True,False,False
0.2544,4.57515686868789,4.59694792329633,-0.021791054608439886,0.02432,0.02659847155122098,-0.0022784715512209792,True,False,False
0.2552,4.57322270035244,4.59694792329633,-0.02372522294388979,0.024356,0.02659847155122098,-0.0022424715512209814,True,False,False
0.256,4.57109189530612,4.59694792329633,-0.02585602799021025,0.024396,0.02659847155122098,-0.0022024715512209796,True,False,False
0.2568,4.56877669848081,4.59694792329633,-0.028171224815520368,0.02444,0.02659847155122098,-0.0021584715512209807,True,False,False
0.2576,4.5662897310573,4.596947914859423,-0.030658183802122707,0.024487,0.02659847155122098,-0.0021114715512209822,True,False,False
0.2584,4.56364393861932,4.596947914859423,-0.03330397624010306,0.024537,0.02659847155122098,-0.002061471551220981,True,False,False
0.2592,4.56085253934122,4.59694792329633,-0.036095383955109916,0.024589,0.02659847155122098,-0.002009471551220981,True,False,False
0.26,4.55792897235178,4.59694792329633,-0.03901895094455021,0.024645,0.02659847155122098,-0.0019534715512209803,True,False,False
0.2608,4.55488684641582,4.59694792329633,-0.042061076880510306,0.024703,0.02659847155122098,-0.0018954715512209813,True,False,False
0.2616,4.55173988907196,4.59694792329633,-0.045208034224370586,0.024762,0.02659847155122098,-0.0018364715512209813,True,False,False
0.2624,4.54850189636383,4.59694792329633,-0.0484460269325,0.024824,0.02659847155122098,-0.0017744715512209817,True,False,False
0.2632,4.54518668329985,4.59694792329633,-0.05176123999648041,0.024887,0.02659847155122098,-0.0017114715512209812,True,False,False
0.264,4.54180803517416,4.59694792329633,-0.05513988812217008,0.024952,0.02659847155122098,-0.001646471551220982,True,False,False
0.2648,4.53837965987985,4.59694792329633,-0.058568263416479915,0.025017,0.02659847155122098,-0.0015814715512209795,True,False,False
0.2656,4.53491514134281,4.59694792329633,-0.06203278195352002,0.025084,0.02659847155122098,-0.001514471551220982,True,False,False
0.2664,4.53142789420247,4.59694792329633,-0.06552002909386001,0.025151,0.02659847155122098,-0.0014474715512209808,True,False,False
0.2672,4.52793111986244,4.59694792329633,-0.0690168034338905,0.025218,0.02659847155122098,-0.0013804715512209798,True,False,False
0.268,4.52443776403205,4.59694792329633,-0.07251015926428028,0.025285,0.02659847155122098,-0.0013134715512209821,True,False,False
0.2688,4.52097456263393,4.59694792329633,-0.07597336066239979,0.025352,0.02659847155122098,-0.001246471551220981,True,False,False
0.2696,4.51755154274209,4.59694792329633,-0.07939638055424059,0.025418,0.02659847155122098,-0.001180471551220981,True,False,False
0.2704,4.51418000004232,4.59694792329633,-0.08276792325401061,0.025483,0.02659847155122098,-0.0011154715512209819,True,False,False
0.2712,4.5108707596721,4.59694792329633,-0.08607716362423012,0.025547,0.02659847155122098,-0.0010514715512209803,True,False,False
0.272,4.50763414857304,4.59694792329633,-0.0893137747232906,0.02561,0.02659847155122098,-0.0009884715512209798,True,False,False
0.2728,4.50447997016611,4.59694792329633,-0.09246795313022016,0.025672,0.02659847155122098,-0.0009264715512209802,True,False,False
0.2736,4.50141748140754,4.596947914859423,-0.09553043345188339,0.025731,0.02659847155122098,-0.0008674715512209802,True,False,False
0.2744,4.49845537227423,4.596947914859423,-0.09849254258519302,0.025789,0.02659847155122098,-0.0008094715512209812,True,False,False
0.2752,4.49560174771955,4.59694792329633,-0.10134617557678016,0.025845,0.02659847155122098,-0.0007534715512209807,True,False,False
0.276,4.49286411213055,4.59694792329633,-0.10408381116578003,0.025898,0.02659847155122098,-0.0007004715512209797,True,False,False
0.2768,4.49024935630809,4.59694792329633,-0.1066985669882401,0.02595,0.02659847155122098,-0.0006484715512209797,True,False,False
0.2776,4.48776374698172,4.59694792329633,-0.10918417631460997,0.025998,0.02659847155122098,-0.0006004715512209803,True,False,False
0.2784,4.48541291886035,4.59694792329633,-0.11153500443598041,0.026045,0.02659847155122098,-0.0005534715512209819,True,False,False
0.2792,4.48320186920991,4.59694792329633,-0.11374605408642058,0.026088,0.02659847155122098,-0.0005104715512209805,True,False,False
0.28,4.48113495493817,4.59694792329633,-0.1158129683581599,0.026129,0.02659847155122098,-0.00046947155122098114,False,True,False
0.2808,4.47921589215627,4.59694792329633,-0.11773203114006048,0.026167,0.02659847155122098,-0.0004314715512209813,False,True,False
0.2816,4.47744775817676,4.59694792329633,-0.11950016511956996,0.026202,0.02659847155122098,-0.000396471551220981,False,True,False
0.2824,4.47583299589613,4.59694792329633,-0.12111492740020058,0.026234,0.02659847155122098,-0.0003644715512209802,False,True,False
0.2832,4.47437342050138,4.59694792329633,-0.12257450279494986,0.026262,0.02659847155122098,-0.00033647155122097996,False,True,False
0.284,4.47307022842893,4.59694792329633,-0.1238776948674003,0.026288,0.02659847155122098,-0.0003104715512209817,False,True,False
0.2848,4.47192400849579,4.59694792329633,-0.12502391480053987,0.026311,0.02659847155122098,-0.00028747155122097953,False,True,False
0.2856,4.47093475511331,4.59694792329633,-0.12601316818301989,0.02633,0.02659847155122098,-0.00026847155122098135,False,True,False
0.2864,4.4701018834862,4.59694792329633,-0.12684603981012987,0.026347,0.02659847155122098,-0.0002514715512209817,False,True,False
0.2872,4.46942424669104,4.59694792329633,-0.12752367660529007,0.02636,0.02659847155122098,-0.0002384715512209791,False,True,False
0.288,4.46890015452228,4.59694792329633,-0.12804776877405022,0.026371,0.02659847155122098,-0.00022747155122098198,False,True,False
0.2888,4.46852739398694,4.59694792329633,-0.1284205293093903,0.026378,0.02659847155122098,-0.00022047155122098192,False,True,False
0.2896,4.468303251324,4.596947914859423,-0.1286446635354226,0.026383,0.02659847155122098,-0.00021547155122098038,False,True,False
0.2904,4.46822453541975,4.596947914859423,-0.12872337943967338,0.026384,0.02659847155122098,-0.00021447155122097938,False,True,False
0.2912,4.46828760248664,4.59694792329633,-0.12866032080968992,0.026383,0.02659847155122098,-0.00021547155122098038,False,True,False
0.292,4.46848838186998,4.59694792329633,-0.1284595414263503,0.026379,0.02659847155122098,-0.00021947155122098091,False,True,False
0.2928,4.46882240284534,4.59694792329633,-0.12812552045099057,0.026372,0.02659847155122098,-0.00022647155122098098,False,True,False
0.2936,4.46928482226733,4.59694792329633,-0.12766310102900036,0.026363,0.02659847155122098,-0.00023547155122097957,False,True,False
0.2944,4.46987045293093,4.59694792329633,-0.12707747036539985,0.026351,0.02659847155122098,-0.00024747155122098116,False,True,False
0.2952,4.47057379250649,4.59694792329633,-0.1263741307898405,0.026338,0.02659847155122098,-0.0002604715512209803,False,True,False
0.296,4.47138905291082,4.59694792329633,-0.12555887038551017,0.026321,0.02659847155122098,-0.00027747155122097994,False,True,False
0.2968,4.47231018997876,4.59694792329633,-0.12463773331757011,0.026303,0.02659847155122098,-0.0002954715512209806,False,True,False
0.2976,4.47333093330238,4.59694792329633,-0.1236169899939501,0.026283,0.02659847155122098,-0.0003154715512209798,False,True,False
0.2984,4.4744448161082,4.59694792329633,-0.1225031071881304,0.026261,0.02659847155122098,-0.00033747155122098096,False,True,False
0.2992,4.47564520504687,4.59694792329633,-0.12130271824945993,0.026237,0.02659847155122098,-0.0003614715512209807,False,True,False
0.3,4.47692532977424,4.59694792329633,-0.12002259352208977,0.026212,0.02659847155122098,-0.0003864715512209814,False,True,False
0.3008,4.47827831220773,4.59694792329633,-0.11866961108859986,0.026185,0.02659847155122098,-0.00041347155122098064,False,True,False
0.3016,4.47969719534764,4.59694792329633,-0.11725072794869007,0.026157,0.02659847155122098,-0.0004414715512209809,False,True,False
0.3024,4.48117497155858,4.59694792329633,-0.1157729517377506,0.026128,0.02659847155122098,-0.00047047155122098214,False,True,False
0.3032,4.48270461021251,4.59694792329633,-0.1142433130838203,0.026098,0.02659847155122098,-0.0005004715512209809,False,True,False
0.304,4.48427908460159,4.59694792329633,-0.11266883869474054,0.026067,0.02659847155122098,-0.0005314715512209807,False,True,False
0.3048,4.48589139803526,4.59694792329633,-0.1110565252610698,0.026035,0.02659847155122098,-0.0005634715512209815,False,True,False
0.3056,4.48753460904325,4.596947914859423,-0.10941330581617326,0.026003,0.02659847155122098,-0.0005954715512209822,False,True,False
0.3064,4.48920185561265,4.596947914859423,-0.10774605924677338,0.02597,0.02659847155122098,-0.0006284715512209806,False,True,False
0.3072,4.49088637839464,4.59694792329633,-0.1060615449016904,0.025937,0.02659847155122098,-0.0006614715512209789,False,True,False
0.308,4.49258154282305,4.59694792329633,-0.10436638047328017,0.025904,0.02659847155122098,-0.0006944715512209806,False,True,False
0.3088,4.49428086009393,4.59694792329633,-0.10266706320240004,0.025871,0.02659847155122098,-0.000727471551220979,False,True,False
0.3096,4.4959780069622,4.59694792329633,-0.10096991633413044,0.025837,0.02659847155122098,-0.0007614715512209817,False,True,False
0.3104,4.49766684431813,4.59694792329633,-0.09928107897820038,0.025804,0.02659847155122098,-0.00079447155122098,False,True,False
0.3112,4.49934143451264,4.59694792329633,-0.09760648878368983,0.025772,0.02659847155122098,-0.0008264715512209808,False,True,False
0.312,4.50099605740728,4.59694792329633,-0.09595186588905058,0.025739,0.02659847155122098,-0.0008594715512209791,False,True,False
0.3128,4.50262522513041,4.59694792329633,-0.09432269816591976,0.025708,0.02659847155122098,-0.0008904715512209789,False,True,False
0.3136,4.50422369552705,4.59694792329633,-0.09272422776928035,0.025677,0.02659847155122098,-0.0009214715512209821,False,True,False
0.3144,4.50578648429586,4.59694792329633,-0.09116143900047025,0.025646,0.02659847155122098,-0.0009524715512209819,False,True,False
0.3152,4.50730887581164,4.59694792329633,-0.08963904748468998,0.025617,0.02659847155122098,-0.0009814715512209797,False,True,False
0.316,4.50878643263706,4.59694792329633,-0.08816149065927004,0.025588,0.02659847155122098,-0.001010471551220981,False,True,False
0.3168,4.51021500373226,4.59694792329633,-0.08673291956406981,0.02556,0.02659847155122098,-0.0010384715512209812,False,True,False
0.3176,4.51159073137514,4.59694792329633,-0.08535719192119018,0.025533,0.02659847155122098,-0.0010654715512209804,False,True,False
0.3184,4.51291005680996,4.59694792329633,-0.08403786648637013,0.025508,0.02659847155122098,-0.0010904715512209812,False,True,False
0.3192,4.51416972464525,4.59694792329633,-0.08277819865107983,0.025483,0.02659847155122098,-0.0011154715512209819,False,True,False
0.32,4.51536678602613,4.59694792329633,-0.08158113727020044,0.02546,0.02659847155122098,-0.0011384715512209806,False,True,False
0.3208,4.51649860060955,4.59694792329633,-0.08044932268678018,0.025438,0.02659847155122098,-0.0011604715512209818,False,True,False
0.3216,4.51756283737371,4.596947914859423,-0.07938507748571322,0.025418,0.02659847155122098,-0.001180471551220981,False,True,False
0.3224,4.51855747429647,4.596947914859423,-0.07839044056295297,0.025398,0.02659847155122098,-0.0012004715512209801,False,True,False
0.3232,4.51948079693945,4.59694792329633,-0.07746712635688002,0.025381,0.02659847155122098,-0.0012174715512209798,False,True,False
0.324,4.52033139597748,4.59694792329633,-0.07661652731885038,0.025364,0.02659847155122098,-0.0012344715512209795,False,True,False
0.3248,4.52110816371499,4.59694792329633,-0.07583975958134026,0.025349,0.02659847155122098,-0.0012494715512209806,False,True,False
0.3256,4.52181028963281,4.59694792329633,-0.07513763366352055,0.025336,0.02659847155122098,-0.0012624715512209797,False,True,False
0.3264,4.52243725501052,4.59694792329633,-0.07451066828580988,0.025324,0.02659847155122098,-0.0012744715512209813,False,True,False
0.3272,4.52298882667114,4.59694792329633,-0.07395909662518996,0.025313,0.02659847155122098,-0.0012854715512209819,False,True,False
0.328,4.52346504989625,4.59694792329633,-0.07348287340008053,0.025304,0.02659847155122098,-0.0012944715512209805,False,True,False
0.3288,4.52386624056029,4.59694792329633,-0.07308168273604032,0.025296,0.02659847155122098,-0.0013024715512209815,False,True,False
0.3296,4.52419297653438,4.59694792329633,-0.07275494676195038,0.02529,0.02659847155122098,-0.0013084715512209806,False,True,False
0.3304,4.52444608841013,4.59694792329633,-0.0725018348862001,0.025285,0.02659847155122098,-0.0013134715512209821,False,True,False
0.3312,4.52462664959486,4.59694792329633,-0.07232127370147001,0.025281,0.02659847155122098,-0.0013174715512209792,False,True,False
0.332,4.52473596582986,4.59694792329633,-0.07221195746646991,0.025279,0.02659847155122098,-0.0013194715512209812,False,True,False
0.3328,4.52477556418359,4.59694792329633,-0.07217235911274056,0.025278,0.02659847155122098,-0.0013204715512209822,False,True,False
0.3336,4.524747181572,4.59694792329633,-0.07220074172433044,0.025279,0.02659847155122098,-0.0013194715512209812,False,True,False
0.3344,4.52465275285767,4.59694792329633,-0.07229517043866007,0.025281,0.02659847155122098,-0.0013174715512209792,False,True,False
0.3352,4.52449439858001,4.59694792329633,-0.0724535247163205,0.025284,0.02659847155122098,-0.0013144715512209797,False,True,False
0.336,4.52427441236763,4.59694792329633,-0.07267351092870022,0.025288,0.02659847155122098,-0.0013104715512209791,False,True,False
0.3368,4.52399524808419,4.59694792329633,-0.07295267521214033,0.025294,0.02659847155122098,-0.00130447155122098,False,True,False
0.3376,4.52365950675821,4.596947914859423,-0.07328840810121307,0.0253,0.02659847155122098,-0.001298471551220981,False,True,False
0.3384,4.52326992334677,4.596947914859423,-0.0736779915126533,0.025308,0.02659847155122098,-0.00129047155122098,False,True,False
0.3392,4.52282935338199,4.59694792329633,-0.07411856991434007,0.025316,0.02659847155122098,-0.0012824715512209789,False,True,False
0.34,4.52234075954875,4.59694792329633,-0.07460716374758025,0.025325,0.02659847155122098,-0.0012734715512209803,False,False,True
0.3408,4.52180719824061,4.59694792329633,-0.07514072505572056,0.025336,0.02659847155122098,-0.0012624715512209797,False,False,True
0.3416,4.52123180614023,4.59694792329633,-0.07571611715609983,0.025347,0.02659847155122098,-0.0012514715512209791,False,False,True
0.3424,4.52061778686916,4.59694792329633,-0.07633013642717046,0.025359,0.02659847155122098,-0.001239471551220981,False,False,True
0.3432,4.51996839775055,4.59694792329633,-0.07697952554577991,0.025371,0.02659847155122098,-0.0012274715512209794,False,False,True
0.344,4.51928693672706,4.59694792329633,-0.07766098656927056,0.025384,0.02659847155122098,-0.0012144715512209803,False,False,True
0.3448,4.51857672947496,4.59694792329633,-0.07837119382137026,0.025398,0.02659847155122098,-0.0012004715512209801,False,False,True
0.3456,4.51784111675328,4.59694792329633,-0.07910680654305047,0.025412,0.02659847155122098,-0.00118647155122098,False,False,True
0.3464,4.51708344202599,4.59694792329633,-0.07986448127033974,0.025427,0.02659847155122098,-0.001171471551220979,False,False,True
0.3472,4.51630703939282,4.59694792329633,-0.08064088390351021,0.025442,0.02659847155122098,-0.0011564715512209812,False,False,True
0.348,4.51551522186304,4.59694792329633,-0.08143270143329051,0.025457,0.02659847155122098,-0.0011414715512209801,False,False,True
0.3488,4.51471127000429,4.59694792329633,-0.08223665329204,0.025473,0.02659847155122098,-0.0011254715512209815,False,False,True
0.3496,4.51389842099682,4.59694792329633,-0.08304950229951036,0.025489,0.02659847155122098,-0.0011094715512209793,False,False,True
0.3504,4.51307985812156,4.59694792329633,-0.0838680651747703,0.025505,0.02659847155122098,-0.0010934715512209807,False,False,True
0.3512,4.51225870070825,4.59694792329633,-0.08468922258808043,0.02552,0.02659847155122098,-0.0010784715512209796,False,False,True
0.352,4.51143799456777,4.59694792329633,-0.08550992872855989,0.025536,0.02659847155122098,-0.001062471551220981,False,False,True
0.3528,4.51062070293088,4.59694792329633,-0.08632722036545015,0.025552,0.02659847155122098,-0.0010464715512209823,False,False,True
0.3536,4.50980969791317,4.596947914859423,-0.08713821694625334,0.025568,0.02659847155122098,-0.0010304715512209801,False,False,True
0.3544,4.50900775252378,4.596947914859423,-0.08794016233564328,0.025584,0.02659847155122098,-0.0010144715512209815,False,False,True
0.3552,4.50821753323357,4.59694792329633,-0.08873039006275985,0.025599,0.02659847155122098,-0.0009994715512209804,False,False,True
0.356,4.50744159311558,4.59694792329633,-0.08950633018075038,0.025614,0.02659847155122098,-0.0009844715512209792,False,False,True
0.3568,4.50668236556891,4.59694792329633,-0.09026555772742029,0.025629,0.02659847155122098,-0.0009694715512209816,False,False,True
0.3576,4.50594215863449,4.59694792329633,-0.09100576466184052,0.025643,0.02659847155122098,-0.0009554715512209815,False,False,True
0.3584,4.50522314990908,4.59694792329633,-0.09172477338725038,0.025657,0.02659847155122098,-0.0009414715512209813,False,False,True
0.3592,4.50452738206155,4.59694792329633,-0.09242054123478027,0.025671,0.02659847155122098,-0.0009274715512209812,False,False,True
0.36,4.50385675895319,4.59694792329633,-0.09309116434314024,0.025684,0.02659847155122098,-0.0009144715512209821,False,False,True
0.3608,4.50321304236171,4.59694792329633,-0.0937348809346199,0.025696,0.02659847155122098,-0.0009024715512209805,False,False,True
0.3616,4.50259784930615,4.59694792329633,-0.09435007399018058,0.025708,0.02659847155122098,-0.0008904715512209789,False,False,True
0.3624,4.50201264996809,4.59694792329633,-0.09493527332824048,0.02572,0.02659847155122098,-0.0008784715512209808,False,False,True
0.3632,4.50145876620212,4.59694792329633,-0.09548915709421024,0.02573,0.02659847155122098,-0.0008684715512209812,False,False,True
0.364,4.50093737062689,4.59694792329633,-0.09601055266944059,0.025741,0.02659847155122098,-0.0008574715512209806,False,False,True
0.3648,4.5004494862856,4.59694792329633,-0.09649843701073024,0.02575,0.02659847155122098,-0.000848471551220982,False,False,True
0.3656,4.49999598686334,4.59694792329633,-0.0969519364329905,0.025759,0.02659847155122098,-0.0008394715512209799,False,False,True
0.3664,4.49957759744675,4.59694792329633,-0.09737032584957994,0.025767,0.02659847155122098,-0.0008314715512209789,False,False,True
0.3672,4.49919489580947,4.59694792329633,-0.09775302748685988,0.025775,0.02659847155122098,-0.0008234715512209813,False,False,True
0.368,4.49884831420579,4.59694792329633,-0.09809960909054016,0.025781,0.02659847155122098,-0.0008174715512209822,False,False,True
0.3688,4.49853814165277,4.59694792329633,-0.09840978164355985,0.025787,0.02659847155122098,-0.0008114715512209797,False,False,True
0.3696,4.49826452668023,4.596947914859423,-0.09868338817919309,0.025793,0.02659847155122098,-0.0008054715512209806,False,False,True
0.3704,4.49802748052628,4.596947914859423,-0.09892043433314335,0.025797,0.02659847155122098,-0.0008014715512209801,False,False,True
0.3712,4.49782688075521,4.59694792329633,-0.0991210425411202,0.025801,0.02659847155122098,-0.0007974715512209796,False,False,True
0.372,4.49766247527325,4.59694792329633,-0.09928544802308004,0.025805,0.02659847155122098,-0.000793471551220979,False,False,True
0.3728,4.49753388671695,4.59694792329633,-0.09941403657937986,0.025807,0.02659847155122098,-0.0007914715512209805,False,False,True
0.3736,4.49744061718801,4.59694792329633,-0.09950730610832004,0.025809,0.02659847155122098,-0.000789471551220982,False,False,True
0.3744,4.49738205330778,4.59694792329633,-0.09956586998854977,0.02581,0.02659847155122098,-0.000788471551220981,False,False,True
0.3752,4.49735747156387,4.59694792329633,-0.0995904517324604,0.025811,0.02659847155122098,-0.00078747155122098,False,False,True
0.376,4.49736604392146,4.59694792329633,-0.0995818793748704,0.02581,0.02659847155122098,-0.000788471551220981,False,False,True
0.3768,4.49740684367064,4.59694792329633,-0.09954107962569037,0.02581,0.02659847155122098,-0.000788471551220981,False,False,True
0.3776,4.49747885148188,4.59694792329633,-0.09946907181445042,0.025808,0.02659847155122098,-0.0007904715512209795,False,False,True
0.3784,4.49758096164119,4.59694792329633,-0.09936696165514025,0.025806,0.02659847155122098,-0.0007924715512209815,False,False,True
0.3792,4.49771198843646,4.59694792329633,-0.09923593485987059,0.025804,0.02659847155122098,-0.00079447155122098,False,False,True
0.38,4.49787067266716,4.59694792329633,-0.09907725062917017,0.0258,0.02659847155122098,-0.0007984715512209806,False,False,True
0.3808,4.49805568824919,4.59694792329633,-0.09889223504714018,0.025797,0.02659847155122098,-0.0008014715512209801,False,False,True
0.3816,4.49826564888778,4.59694792329633,-0.09868227440855026,0.025793,0.02659847155122098,-0.0008054715512209806,False,False,True
0.3824,4.49849911479121,4.59694792329633,-0.09844880850512006,0.025788,0.02659847155122098,-0.0008104715512209822,False,False,True
0.3832,4.49875459939918,4.59694792329633,-0.09819332389715019,0.025783,0.02659847155122098,-0.0008154715512209802,False,False,True
0.384,4.49903057610001,4.59694792329633,-0.09791734719632039,0.025778,0.02659847155122098,-0.0008204715512209818,False,False,True
0.3848,4.49932548491179,4.59694792329633,-0.09762243838454054,0.025772,0.02659847155122098,-0.0008264715512209808,False,False,True
0.3856,4.49963773910357,4.596947914859423,-0.09731017575585277,0.025766,0.02659847155122098,-0.0008324715512209799,False,False,True
0.3864,4.4999657317332,4.596947914859423,-0.0969821831262232,0.02576,0.02659847155122098,-0.0008384715512209789,False,False,True
0.3872,4.50030784207994,4.59694792329633,-0.0966400812163899,0.025753,0.02659847155122098,-0.000845471551220979,False,False,True
0.388,4.50066244195051,4.59694792329633,-0.09628548134582005,0.025746,0.02659847155122098,-0.0008524715512209791,False,False,True
0.3888,4.50102790183879,4.59694792329633,-0.0959200214575402,0.025739,0.02659847155122098,-0.0008594715512209791,False,False,True
0.3896,4.50140259692017,4.59694792329633,-0.09554532637616031,0.025732,0.02659847155122098,-0.0008664715512209792,False,False,True
0.3904,4.50178491286304,4.59694792329633,-0.09516301043329012,0.025724,0.02659847155122098,-0.0008744715512209802,False,False,True
0.3912,4.50217325144072,4.59694792329633,-0.09477467185561039,0.025717,0.02659847155122098,-0.0008814715512209803,False,False,True
0.392,4.50256603592906,4.59694792329633,-0.0943818873672706,0.025709,0.02659847155122098,-0.0008894715512209814,False,False,True
0.3928,4.50296171627537,4.59694792329633,-0.0939862070209605,0.025701,0.02659847155122098,-0.000897471551220979,False,False,True
0.3936,4.50335877402621,4.59694792329633,-0.09358914927012041,0.025693,0.02659847155122098,-0.00090547155122098,False,False,True
0.3944,4.50375572700269,4.59694792329633,-0.09319219629364017,0.025686,0.02659847155122098,-0.0009124715512209801,False,False,True
0.3952,4.5041511337133,4.59694792329633,-0.09279678958302995,0.025678,0.02659847155122098,-0.0009204715512209811,False,False,True
0.396,4.50454359749516,4.59694792329633,-0.0924043258011702,0.02567,0.02659847155122098,-0.0009284715512209822,False,False,True
0.3968,4.50493177037664,4.59694792329633,-0.09201615291969034,0.025663,0.02659847155122098,-0.0009354715512209823,False,False,True
0.3976,4.50531435665468,4.59694792329633,-0.0916335666416499,0.025655,0.02659847155122098,-0.0009434715512209799,False,False,True
0.3984,4.50569011618209,4.59694792329633,-0.09125780711424003,0.025648,0.02659847155122098,-0.0009504715512209799,False,False,True
0.3992,4.506057867361,4.59694792329633,-0.09089005593533006,0.025641,0.02659847155122098,-0.00095747155122098,False,False,True
0.4,4.50641648983976,4.59694792329633,-0.09053143345657055,0.025634,0.02659847155122098,-0.00096447155122098,False,False,True
